Código Simpas,Medicamento
613500001579088 ,"PILHA, ALCALINA, TAMANHO AA, 1,5 VOLTS, COM DESIGNACAO LR6( DURACAO MINIMA DE 11,5 HORAS), CONFORME NORMA NBR VIGENTE"
650119001194135 ,RITUXIMABE 100 MG INJETÁVEL (POR FRASCO-AMPOLA DE 10 ML (ORIGINADOR)
650119001297759 ,TAFAMIDIS 61 MG (POR CÁPSULA)
650219000030260 ,PIRAZINAMIDA 500MG - COMPRIMIDO
650219000167371 ,INSULINA ANÁLOGA DE AÇ?O RÁPIDA 100 UI/ML (1B)
650219000997510 ,AZITROMICINA 40MG/ML PO P/ SUSP. ORAL
650219001028600 ,RIFABUTINA 150MG
650219001121146 ,NICOTINA 2MG - PASTILHA
650219001136682 ,INSULINA ANÁLOGA DE AÇ?O PROLONGADA 100 UI/ML (1B)
650219001194429 ,PIRAZINAMIDA 150 MG COMPRIMIDO DISPERSÍVEL
650219001236849 ,"RIFAPENTINA 150MG, COMPRIMIDO"
650219001270133 ,"BENZNIDAZOL 12,5 MG COMPRIMIDO"
650219001287591 ,SOFOSBUVIR 400MG + VELPATASVIR 100MG + VOXILAPREVIR 100MG - COMPRIMIDO
650219001287885 ,"SOFOSBUVIR 200MG + VELPATASVIR 50MG GRÂNULOS ORAIS, SACHE"
650219001288415 ,"TAFENOQUINA, SUCCINATO, 150MG, COMPRIMIDO"
650119000000001 ,KIT PARA INFUS?O
650119000000002 ,FILTRO HEMOLISADOR PARA TALIGLUCERASE
650119000000004 ,CARTILHA DEIXANDO DE FUMAR SEM MISTERIOS
650119001141180 ,"LENALIDOMIDA (REVLIMID) 25MG, CAPSULA"
650119001141228 ,OLANZAPINA (ZYPREXA - MARCA LILLY) 10 MG COMPRIMIDO
650119001141600 ,DARATUMUMAB 100MG FRASCO-AMPOLA 5ML
650119001141805 ,"AXITINIBE, 5MG, COMPRIMIDO"
650119001141813 ,DARATUMUMAB 400MG FRASCO-AMPOLA 20ML
650119001143190 ,"PALIPERIDONA, 100 MG/ML, SUSPENSAO INJETAVEL, LIBERACAO PROLONGADA, SERINGA PREENCHIDA DE 0,75 ML"
650119001143557 ,"DULOXETINA, CLORIDRATO 60MG, CAPSULA OU COMPRIMIDO"
650119001144294 ,"FLUTICASONA, FUROATO + VILANTEROL (200MCG + 25MCG)/DOSE, PO PARA INALACAO ORAL, EM INALADOR COM 30 DOSES"
650119001145339 ,"AFLIBERCEPTE, 40MG/ML, SOLUCAO INJETAVEL INTRAVITREA, FRASCO AMPOLA, 0,278 ML"
650119001146025 ,"MIRABEGRONA, 50MG, COMPRIMIDO REVESTIDO DE LIBERACAO PROLONGADA"
650119001146351 ,"AZACITIDINA, 100 MG, PO LIOFILIZADO PARA INJECAO SUBCUTANEA, FRASCO-AMPOLA"
650119001146726 ,"BELIMUMABE, 400MG, PO LIOFILO INJETAVEL, FRASCO-AMPOLA"
650119001147234 ,"SECUQUINUMABE 150MG, INJETAVEL, FRASCO-AMPOLA OU SERINGA PRENCHIDA"
650119001147331 ,"PARICALCITOL 5,0 MCG/ML SOLUÇ?O INJETÁVEL (AMPOLA COM 1 ML)"
650119001148745 ,"EVEROLIMO 2,5 MG COMPRIMIDO"
650119001149229 ,"GLICOPIRRONIO, BROMETO DE, 50MCG, CAPSULA COM PO PARA INALACAO + INALADOR"
650119001149504 ,"PANITUMUMABE, 20MG/ML, SOLUCAO P/ INFUSAO, FRASCO-AMPOLA, 5ML"
650119001149768 ,"INDACATEROL, MALEATO 110MCG + GLICOPIRRONIO, BROMETO 50MCG, CAPSULA COM PO INALATORIO + INALADOR"
650119001149857 ,OLMESARTANA MEDOXOMILA 40MG - COMPRIMIDO REVESTIDO
650119001149873 ,"DIAZOXIDO, 50MG/ML, SUSPENSAO ORAL, FRASCO COM 30ML."
650119001150251 ,"ALENTUZUMABE, 10MG/ML, INJETAVEL, FRASCO-AMPOLA COM 1,2ML"
650119001150278 ,VEMURAFENIB 240MG COMPRIMIDO
650119001151070 ,"DIVALPROATO, DE SODIO 538,1MG (EQUIVALENTE A 500 MG DE ACIDO VALPROICO), DEPAKOTE ER, COMPRIMIDO DE LIBERACAO PROLONGADA"
650119001152351 ,"LARONIDASE 0,58 MG/ML SOLUÇ?O INJETÁVEL (FRASCO DE 5 ML)"
650119001154150 ,IDURSULFASE ALFA 2 MG/ML SOLUÇ?O INJETÁVEL (FRASCO DE 3 ML)
650119001155130 ,"DEXAMETASONA, 0,7MG, IMPLANTE OFTALMICO + APLICADOR"
650119001155148 ,"OSIMERTINIBE, MESILATO, 80MG, COMPRIMIDO"
650119001155857 ,"TAFAMIDIS, MEGLUMINA, 20MG, CAPSULA"
650119001156004 ,"ECULIZUMABE, 10MG/ML, SOLUCAO PARA INFUSAO, FRASCO-AMPOLA, 30ML(AJ)"
650119001156594 ,"FLUVOXAMINA, MALEATO 100MG, COMPRIMIDO"
650119001156713 ,"EMPAGLIFLOZINA, 10MG, COMPRIMIDO"
650119001156730 ,"METFORMINA, CLORIDRATO 1000MG + ALOGLIPTINA 12,5MG, COMPRIMIDO"
650119001158058 ,"CRIZOTINIBE, 250MG, CAPSULA"
650119001158341 ,"METFORMINA, CLORIDRATO 850MG + ALOGLIPTINA 12,5MG, COMPRIMIDO"
650119001158350 ,"PALBOCICLIBE, 125MG, CAPSULA"
650119001159089 ,"FLUVOXAMINA, MALEATO, 50MG, COMPRIMIDO"
650119001159291 ,"FLUTICASONA, FUROATO + VILANTEROL (100MCG + 25MCG)/DOSE, PO PARA INALACAO ORAL, EM INALADOR COM 30 DOSES"
650119001161660 ,"VESTRONIDASE ALFA, 2MG/ML, CONCENTRADO PARA SOLUCAO PARA PERFUSAO, FRASCO-AMPOLA COM 5ML"
650119001162110 ,"BELIMUMABE, 120MG, PO LIOFILIZADO PARA SOLUCAO INJETAVEL, FRASCO-AMPOLA"
650119001163485 ,"NUSINERSENA, 2,4MG/ML, SOLUÇ?O INJETÁVEL, FRASCO-AMPOLA COM 5ML"
650119001166913 ,"ATALURENO, 250MG, PÓ PARA SUSPENS?O ORAL, SACH?"
650119001166921 ,"ATALURENO, 125MG, PÓ PARA SUSPENS?O ORAL, SACH?"
650119001166948 ,"ZUCLOPENTIXOL DECANOATO, 200MG/ML, SOLUCAO INJETAVEL, AMPOLA COM 1ML"
650119001171054 ,"BLINATUMOMABE, 38,5 MCG, PO LIOFILIZADO PARA SOLUÇ?O INJETÁVEL, FRASCO-AMPOLA + FRASCO-AMPOLA 10ML DE SOLUÇ?O ESTABILIZANTE"
650119001171461 ,"PEMBROLIZUMABE, 25MG/ML, SOLUÇ?O INJETÁVEL, FRASCO-AMPOLA COM 4ML"
650119001182390 ,"OLANZAPINA, (ZYPREXA), 5MG, COMPRIMIDO"
650119001182943 ,"ESTRADIOL, 1MG, COMPRIMIDO"
650119001183281 ,"LENVATINIBE, MESILATO, 10MG, CAPSULA"
650119001183290 ,"LENVATINIBE, MESILATO, 4MG, CAPSULA"
650119001185381 ,"BUROSUMABE, 30MG, SOLUÇAO INJETÁVEL, FRASCO-AMPOLA COM 1ML"
650119001185411 ,"HIALURONATO, DE SÓDIO 0,15G/100ML, SOLUÇ?O OFTÁLMICA, FRASCO COM 10ML"
650119001185519 ,"CETUXIMABE, 5MG/ML, SOLUÇ?O INJETÁVEL, FRASCO-AMPOLA COM 100ML"
650119001185535 ,"LENALIDOMIDA, (REVLIMID) 15MG, CAPSULA"
650119001185543 ,"RUXOLITINIBE, FOSFATO, 15MG, COMPRIMIDO"
650119001186965 ,"RIFAXIMINA, 550 MG COMPRIMIDO"
650119001187430 ,"EDOXABANA, 30MG, COMPRIMIDO"
650119001188038 ,"LURASIDONA, CLORIDRATO, 40MG, COMPRIMIDO"
650119001188046 ,"LURASIDONA, CLORIDRATO, 80MG, COMPRIMIDO"
650119001188089 ,"CITRATO, DE POTASSIO, 1080MG (10MEQ), COMPRIMIDO DE LIBERACAO PROLONGADA"
650119001188577 ,"ISOLEUCINA, 67MG, LEUCINA 101MG, FENILALANINA 68MG, VALINA 86MG, METIONINA 59MG, LISINA MONOACETATO 105MG, TREONINA 53MG, TRIPTOFANA 23MG, HISTIDINA 38MG, TIROSINA 30MG, COMPRIMIDO (KETOSTERIL)"
650119001188968 ,"SOLIFENACINA, SUCCINATO 6MG + TANSULOSINA CLORIDRATO 0,4MG, COMPRIMIDO DE LIBERACAO PROLONGADA"
650119001189271 ,"LUMACAFTOR, 100MG + IVACAFTOR 125MG, COMPRIMIDO"
650119001189301 ,"LENALIDOMIDA, 5MG, CAPSULA"
650119001189360 ,"DUPILUMABE, 150MG/ML, SOLUCAO INJETAVEL, SERINGA PREENCHIDA COM 2ML"
650119001190075 ,"DEGLUDECA, 100U/ML + LIRAGLUTIDA 3,6MG/ML, 3ML + SISTEMA DE APLICACAO"
650119001191047 ,ÁCIDO NICOTÍNICO 500MG (POR COMPRIMIDO DE LIBERAÇ?O PROLONGADA)
650119001191713 ,"ERIBULINA, MESILATO, 0,5MG/ML, SOLUCAO INJETAVEL, FRASCO-AMPOLA COM 2ML"
650119001192051 ,ABEMACICLIBE 150MG COMPRIMIDO
650119001192221 ,"DENOSUMABE, 120MG, SOLUCAO INJETAVEL, FRASCO-AMPOLA COM 1,7ML"
650119001192477 ,"ATEZOLIZUMABE, 60MG/ML, SOLUCAO PARA DILUICAO PARA INFUSAO, FRASCO-AMPOLA COM 20ML"
650119001192582 ,"EMICIZUMABE, 30MG/ML, SOLUCAO INJETAVEL SUBCUTANEA, FRASCO-AMPOLA COM 1ML"
650119001192710 ,"SOMATROPINA, 10MG/ML, SOLUCAO INJETAVEL, EM SISTEMA DE APLICACAO PREENCHIDO DESCARTAVEL MULTIDOSE CONTENDO UM CARPULE DE 1,5ML"
650119001193244 ,"EDOXABANA, 60MG, COMPRIMIDO"
650119001193309 ,"SACUBITRIL, 24MG + VALSARTANA 26MG, COMPRIMIDO"
650119001193732 ,"FENOFIBRATO, 160MG, COMPRIMIDO"
650119001193970 ,ZANAMIVIR 5MG
650119001194186 ,"BUROSUMABE, 20MG, SOLUCAO INJETAVEL, FRASCO-AMPOLA COM 1ML (AJ)"
650119001194216 ,"RETINOL, ACETATO 50.000 UI/ML (VIT A) + COLECALCIFEROL (VIT D)10.000 UI/ML, SOLUCAO ORAL, FRASCO COM 20ML"
650119001194224 ,"PEGVISOMANTO, 10MG, PO LIOFILIZADO PARA SOLUCAO INJETAVEL, FRASCO-AMPOLA + DILUENTE"
650119001194410 ,"HIALURONATO, DE SODIO, 2MG/ML, SOLUCAO OFTALMICA, FRASCO COM 10ML"
650119001194496 ,"UMECLIDINIO, BROMETO 62,5MCG PO PARA INALACAO ORAL, COM DISPOSITIVO INALADOR, 30 DOSES"
650119001194917 ,"CARBAMAZEPINA 400MG, COMPRIMIDO DE LIBERACAO PROLONGADA"
650119001195328 ,"RITUXIMABE, 10MG/ML, SOLUÇ?O PARA DULUIÇ?O PARA INFUS?O, FRASCO-AMPOLA COM 50ML (MABTHERA)"
650119001195816 ,"LUMACAFTOR, 200MG + IVACAFTOR 125MG, COMPRIMIDO"
650119001196111 ,"CLOPERASTINA, FENDIZOATO, 3,54MG/ML, XAROPE, FRASCO COM 120ML"
650119001196383 ,"BENRALIZUMABE, 30MG/ML, SOLUCAO INJETAVEL, SERINGA PREENCHIDA COM 1ML"
650119001196405 ,"OLMESARTANA, MEDOXOMILA 40MG + HIDROCLOROTIAZIDA 25MG, COMPRIMIDO"
650119001196685 ,"OLAPARIBE, 150MG, COMPRIMIDO"
650119001197541 ,"VORTIOXETINA, BROMIDRATO, 10MG, COMPRIMIDO"
650119001198173 ,"ATALURENO, 1000MG, PO PARA SUSPENSAO ORAL, SACHE"
650119001198505 ,"PONATINIBE, CLORIDRATO, 15MG, COMPRIMIDO"
650119001198688 ,"CLORETO, POTASSIO 600MG DRAGEA"
650119001205307 ,"DURVALUMABE, 50MG/ML, SOLUCAO INJETAVEL, FRASCO-AMPOLA COM 10ML"
650119001205706 ,"BENDAMUSTINA, CLORIDRATO, 25MG, PO LIOFILIZADO PARA SOLUCAO INJETAVEL, FRASCO-AMPOLA"
650119001205714 ,"BENDAMUSTINA, CLORIDRATO, 100MG, PO LIOFILIZADO PARA SOLUCAO INJETAVEL, FRASCO-AMPOLA"
650119001206869 ,"PINUS, PINASTER AITON (PYCNOGENOL), 50MG, EXTRATO SECO, COMPRIMIDO"
650119001206940 ,"GALCANEZUMABE, 120MG/ML, SOLUCAO INJETAVEL, SERINGA PREENCHIDA COM 1ML"
650119001207601 ,"EMPAGLIFLOZINA, 25MG + LINAGLIPTINA 5MG, COMPRIMIDO"
650119001208241 ,ALFAELOSULFASE 1 MG/ML SOLUÇ?O INJETÁVEL (POR FRASCO AMPOLA DE 5 ML)
650119001209795 ,"ETANERCEPTE, 50MG/ML, SOL. INJETAVEL, SERINGA PREENCHIDA COM 1ML + ACESSORIOS PARA APLICACAO, USO ADULTO E PEDIATRICO"
650119001210297 ,"SUCRALFATO, 200MG/ML, SUSPENSAO ORAL, FLACONETE COM 10ML"
650119001210602 ,"DESVENLAFAXINA 50 MG, MONOIDRATATO DE SUCCINATO COMPRIMIDO"
650119001211358 ,"APALUTAMIDA, 60 MG, COMPRIMIDO"
650119001211480 ,"VENETOCLAX, 100 MG, COMPRIMIDO"
650119001213911 ,"INOTERSENA, 189 MG/ML (EQUIV. A 200 MG DE INOTERSENA NONADECASSODICA/ML), SOL. INJETAVEL, SERINGA PREENCHIDA COM 1,5ML"
650119001214888 ,"EMPAGLIFLOZINA, 10MG + LINAGLIPTINA 5MG, COMPRIMIDO"
650119001214942 ,"LAPATINIBE, 250 MG, COMPRIMIDO"
650119001215469 ,"SITAGLIPTINA, 50 MG + METFORMINA 1000 MG, COMPRIMIDO"
650119001215752 ,"DABRAFENIBE, MESILATO, 75MG, CAPSULA"
650119001215825 ,"TRAMETINIBE, DIMETILSULFOXIDO, 2MG, COMPRIMIDO"
650119001216031 ,"ARIPIPRAZOL, 1MG/ML, SUSPENSAO ORAL, FRASCO COM 150ML"
650119001216228 ,"SERTRALINA, CLORIDRATO 28 MG (EQUIV. A 25MG SERTRALINA BASE), COMPRIMIDO"
650119001216317 ,"TACROLIMO 0,3MG/G (0,03%), POMADA OFTÁLMICA, BISNAGA COM 3,5G. MANIPULACAO MAGISTRAL"
650119001216368 ,"DUPILUMABE, 175 MG/ML SOLUCAO INJETAVEL, SERINGA PREENCHIDA 1,14 ML"
650119001216392 ,"PATISIRANA, SODICA, 2MG/ML, SOLUCAO PARA DILUICAO, FRASCO 5ML"
650119001217186 ,"GOLIMUMABE, 50 MG SOLUCAO INJETAVEL, 1 SERINGA PREENCHIDA 0,5 ML"
650119001217437 ,"RIVAROXABANA, 2,5 MG, COMPRIMIDO"
650119001217542 ,"RISDIPLAM, 60 MG, PO PARA SOLUCAO ORAL (0,75 MG/ML APOS RECONSTITUICAO), FRASCO"
650119001217895 ,"SAXAGLIPTINA, 5MG + DAPAGLIFOZINA 10MG COMPRIMIDO"
650119001218042 ,"OXCARBAZEPINA 60MG/ML, SUSPENSAO ORAL, FRASCO COM 100ML"
650119001218085 ,"ESOMEPRAZOL MAGNESIO, 20MG, COMPRIMIDO DE LIBERACAO RETARDADA (AJ )"
650119001218158 ,"LENALIDOMIDA, 20MG, COMPRIMIDO(REVLIMID)"
650119001218247 ,"BUSPIRONA, CLORIDRATO, 5MG COMPRIMIDO"
650119001218255 ,"FLUTICASONA, FUROATO + UMECLIDINIO, BROMETO+ VILANTEROL (100MCG+62,5MCG+25MCG)/DOS PO PARA INALAÇ?O ORAL, INALADOR COM 14 OU 30 DOSES"
650119001219464 ,GENFIBROZILA 900 MG (POR COMPRIMIDO)
650119001219499 ,SIROLIMUS 2MG DRAGEA
650119001219766 ,"HIALURONATO DE SODIO 0,15%+ CLORETO DE SODIO 0,57% + ACTINOQUINOL 0,2%, FRASCO EM SISTEMA ABAK 10 ML (HYABAK)"
650119001220250 ,"CABOZANTINIBE LEVOMALATO, 60MG, COMPRIMIDO"
650119001220519 ,"OXIBUTININA CLORIDRATO, 10MG, COMPRIMIDO DE LIBERACAO PROLONGADA"
650119001220535 ,"NINTEDANIBE, ESILATO DE, 100MG, CAPSULA"
650119001220675 ,"BECLOMETASONA, DIPROPIONATO, BROMETO DE GLICOPIRRONIO, FUMARATO DE FORMOTEROL DI-HIDRATADO (100,0+12,5 + 6,0) MCG SOLUÇ?O AEROSOL INALADOR ORAL 120 DOSES"
650119001220683 ,"TRAMADOL, CLORIDRATO, 100MG, COMPRIMIDO LIBERAÇ?O PROLONGADA"
650119001220810 ,"ABATACEPTE 125MG/ML, SOLUCAO INJETAVEL, SERINGA PREENCHIDA"
650119001220896 ,"OCRELIZUMABE, 300MG, FRASCO/AMPOLA"
650119001220900 ,"PAZOPANIBE, CLORIDRATO, 400MG COMPRIMIDO REVESTIDO"
650119001220926 ,RIVASTIGMINA 9 MG ADESIVO TRANSDÉRMICO
650119001220942 ,"TEMOZOLOMIDA, 20MG, CAPSULA"
650119001220969 ,"VENLAFAXINA, CLORIDRATO, CAPSULA 150MG (AJ)"
650119001220985 ,"DULOXETINA CLORIDRATO, 30MG, CAPSULA DE LIBERACAO RETARDADA (AJ)"
650119001221000 ,"CINACALCET CLORIDRATO, 30MG, COMPRIMIDO (AJ)"
650119001221019 ,"INSULINA GLULISINA, 100 UI/ML, SOLUCAO INJETAVEL, CANETA PREENCHIDA DESCARTAVEL CONTENDO 3ML (AJ)"
650119001221191 ,"COBIMETINIBE, HEMIFUMARATO 20MG, COMPRIMIDO REVESTIDO"
650119001221620 ,"ACALABRUTINIBE, 100MG, CAPSULA DURA"
650119001221809 ,"OCTREOTIDA ACETATO 20MG, SUSPENSAO INJETAVEL, FRASCO-AMPOLA + DILUENTE + SISTEMA DE APLICACAO (AJ)"
650119001221817 ,"OCTREOTIDA ACETATO 30MG, SUSPENSAO INJETAVEL, FRASCO-AMPOLA + DILUENTE + SISTEMA DE APLICACAO (AJ)"
650119001221825 ,"OCTREOTIDA ACETATO 10MG, SUSPENSAO INJETAVEL, FRASCO-AMPOLA + DILUENTE + SISTEMA DE APLICACAO (AJ)"
650119001221957 ,"XINAFOATO, DE SALMETEROL 50MCG/DOSE + PROPIONATO DE FLUTICASONA 250MCG/DOSE, PO INALATORIO, DISPOSITIVO COM 60 DOSES"
650119001221965 ,"XINAFOATO DE SALMETEROL, PROPIONATO DE FLUTICASONA, 25 MCG/DOSE + 125 MCG/DOSE, SUSPENSAO AEROSSOL PARA INALAÇ?O ORAL, FRASCO, 120 DOSES (AJ)"
650119001221973 ,"XINAFOATO, DE SALMETEROL + PROPIONATO DE FLUTICASONA 50MCG/DOSE +500MCG/DOSE, PO INALATORIO, EM DISPOSITIVO COM 60 DOSES (AJ)"
650119001222007 ,"INSULINA ASPARTE, 100 UI/ML, SOLUCAO INJETAVEL, CANETA PREENCHIDA DESCARTAVEL CONTENDO 3ML.(FIASP)"
650119001222473 ,"NIVOLUMABE, 10MG/ML, SOLUCAO INJETAVEL, FRASCO COM 10ML."
650119001222481 ,"RIOCIGUATE, 2,5 MG, COMPRIMIDO (AJ)"
650119001222490 ,"USTEQUINUMABE, 90MG/ML, SOL. INJETAVEL, SERINGA PREENCHIDA COM 1 ML (AJ)"
650119001222511 ,"LISDEXANFETAMINA, DIMESILATO, 30MG CAPSULA"
650119001222538 ,"SORAFENIB, TOSILATO, 200MG COMPRIMIDO REVESTIDO POR PELICULA"
650119001222589 ,"CISTEAMINA, (MERCAPTAMINA) 75 MG, CAPSULA OU COMPRIMIDO (AJ)"
650119001223046 ,"ARIPIPRAZOL, 20MG/ML, SUSPENSAO ORAL, FRASCO COM 30ML"
650119001223216 ,"FLUTICASONA, SUSPENÇ?O NASAL 0,275MG/DOSE, FRASCO COM 120 DOSES"
650119001224522 ,"REGORAFENIBE 40MG, COMPRIMIDO"
650119001224549 ,"USTEQUINUMABE, 90MG/ML, SOL. INJETAVEL, SERINGA PREENCHIDA, 0,5 ML (AJ)"
650119001227165 ,"DABIGATRANA, ETEXILATO, 110MG CAPSULA"
650119001227173 ,"DABIGATRANA, ETEXILATO, 150MG CAPSULA"
650119001227181 ,"IBRUTINIBE 140MG, CAPSULA (AJ)"
650119001227190 ,"METILFENIDATO CLORIDRATO, 30MG, CAPSULA DE LIBERACAO MODIFICADA"
650119001227211 ,PEGVISOMANTO 15 MG PÓ LIOFILIZADO INJETÁVEL + AMPOLA DE DILUENTE
650119001227688 ,"CLOMIPRAMINA, CLORIDRATO 75MG, COMPRIMIDO"
650119001227840 ,"TRAVOPROSTA 0,04MG/ML SOLUCAO OFTALMICA ESTERIL FRASCO COM 2,5ML"
650119001227912 ,"BUDESONIDA, 400 MCG, CAPSULA COM PO PARA INALACAO + INALADOR, 60 DOSES (AJ)"
650119001227971 ,"LACOSAMIDA 50MG, COMPRIMIDO (AJ)"
650119001227980 ,"LACOSAMIDA 200MG, COMPRIMIDO (AJ)"
650119001227998 ,"LIRAGLUTIDA, 6MG/ML, SOLUÇ?O INJETAVEL, CARPULE COM 3ML + SISTEMA DE APLICACAO (AJ)"
650119001228005 ,"LISDEXANFETAMINA DIMESILATO 70MG, CAPSULA (AJ)"
650119001228021 ,"TEMOZOLOMIDA 250MG,CAPSULA (AJ)"
650119001228030 ,"RUXOLITINIBE FOSFATO, 20MG, COMPRIMIDO (AJ)"
650119001228072 ,PASIREOTIDA 40 MG PO PARA SUSPENS?O INJETÁVEL IM FRASCO AMPOLA + DILUENTE
650119001228102 ,"INSULINA LISPRO, DERIVADA DE ADN RECOMBINANTE CONTENDO 100 UI/ML, CANETA 3ML (AJ)"
650119001231812 ,"TRASTUZUMABE, 150 MG, PO LIOFILIZADO, INJETAVEL, FRASCO-AMPOLA (AJ)"
650119001231880 ,"RISPERIDONA 37,5MG/ML, PO PARA SOLUCAO INJETAVEL, FRASCO-AMPOLA"
650119001231910 ,"EPINEFRINA, 150 MCG CANETA (AJ)"
650119001233165 ,"ADALIMUMABE 100MG/ML SOLUCAO INJETAVEL, EM DISPOSITIVO DE APLICAÇ?O COM 0,4ML (AJ)"
650119001237195 ,"BEVACIZUMABE, 25MG/ML, SOLUCAO INJETAVEL PARA INFUSAO INTRAVENOSA, FRASCO-AMPOLA, 16ML (AJ)"
650119001237209 ,"LEUPRORRELINA ACETATO, 7,5MG + DILUENTE + SERINGA DESCARTAVEL COM DUAS AGULHAS, SOLUCAO INJETAVEL"
650119001237233 ,"BEVACIZUMABE, 25MG/ML, SOLUCAO INJETAVEL PARA INFUSO INTRAVENOSA, FRASCO-AMPOLA, 4ML (AJ)"
650119001237365 ,INSULINA LISPRO DERIVADA DE ADN RECOMBINANTE CONTENDO 100 UNIDADES (U-100) POR ML EM FRACO DE VIDRO COM 10 ML DE SOLUCAO AJ
650119001237462 ,"PRASUGREL, CLORIDRATO DE 10MG COMPRIMIDO"
650119001238400 ,PIRFENIDONA 267 MG CAPSULA (AJ)
650119001238515 ,"ROMIPLOSTIM 375MCG, PO LIOFILIZADO (250 MCG/0,5 ML, APOS RECONSTITUICAO), INJETAVEL, FRASCO AJ"
650119001238523 ,"VISMODEGIBE 150 MG, CAPSULA AJ"
650119001238760 ,FLURAZEPAM 30 MG COMPRIMIDO (AJ)
650119001238876 ,OBINUTUZUMABE 1000 MG SOLUCAO PARA DILUICAO PARA INFUSAO 40 ML FRASCO AMPOLA
650119001238884 ,"BETAGALSIDASE, 35MG, PO LIOFILIZADO INJETAVEL, FRASCO-AMPOLA AJ"
650119001238906 ,"LISDEXANFETAMINA, DIMESILATO, 50MG CAPSULA AJ"
650119001238922 ,"TESTOSTERONA, UNDECILATO, 250 MG/ML, SOLUCAO INJETAVEL, AMPOLA, 4 ML AJ"
650119001238930 ,"VANDETANIB, 300MG, COMPRIMIDO AJ"
650119001241508 ,"LATANOPROSTA 50 MCG/ML SOLUÇAO OFTALMICA FRASCO 2,5ML (AJ)"
650119001241621 ,"TIRA, REAGENTE, PARA DOSAGEM DE GLICEMIA CAPILAR, EM GLICOSIMETRO ACCU-CHEK GUIDE, DA ROCHE"
650119001241737 ,"FLUOXETINA, CLORIDRATO 20 MG/ML SOLUÇAO ORAL, FRASCO 20ML"
650119001241842 ,"CANAQUINUMABE, 150MG/ML, SOLUCAO INJETAVEL, 1 ML OU PO LIOFILIZADO 150 MG, FRASCO-AMPOLA (AJ)"
650119001241850 ,"EVEROLIMO, 10 MG COMPRIMIDO (AJ)"
650119001241877 ,"INSULINA, GLARGINA 100UI/ML, SOLUCAO INJETAVEL, CARPULE COM 3ML + SISTEMA DE APLICACAO (CANETA INJETORA) (AJ)"
650119001241923 ,"ETANERCEPTE, 25 MG, PO LIOFILIZADO INJETAVEL, FRASCO-AMPOLA + SERINGA PREENCHIDA COM AGUA PARA INJECAO, 1 ML + AGULHA + ADAPTADOR + 2 LENCOS UMEDECIDOS (AJ)"
650119001241931 ,"NINTEDANIBE, ESILATO DE, 150MG, CAPSULA (AJ)"
650119001242040 ,"VEDOLIZUMABE, 300 MG, FRASCO-AMPOLA (AJ)"
650119001242652 ,"RISANQUIZUMABE 75 MG/0,83ML -SOLUÇ?O INJETÁVEL"
650119001242660 ,"LACOSAMIDA 100MG, COMPRIMIDO (AJ)"
650119001242679 ,"METILFENIDATO CLORIDRATO, 54MG, COMPRIMIDO DE LIBERACAO CONTROLADA (AJ)"
650119001242695 ,EVEROLIMO 5MG COMPRIMIDO (AJ)
650119001242709 ,"LENALIDOMIDA, 10MG, CAPSULA (AJ)"
650119001242741 ,OXICODONA CLORIDRATO 20MG COMPRIMIDO DE LIBERACAO CONTROLADA
650119001242784 ,"GEFITINIB 250MG, COMPRIMIDO (AJ)"
650119001242822 ,"INSULINA DEGLUDECA, 100 UI/ML, SOLUCAO INJETAVEL, SISTEMA DE APLICACAO COM 3ML (AJ)"
650119001242911 ,ARIPIPRAZOL 15 MG COMPRIMIDO (AJ)
650119001242920 ,"SUNITINIBE, MALATO, DE 25 MG, CAPSULA (AJ)"
650119001242938 ,"TEMOZOLOMIDA 100MG, CAPSULA (AJ)"
650119001243055 ,"MESALAZINA 1200MG, COMPRIMIDO LIBERACAO MODIFICADA (AJ)"
650119001243063 ,"SEMAGLUTIDA 1,34MG/ML, SOLUCAO INJETAVEL, CARPULE COM 3ML + SISTEMA DE APLICACAO"
650119001243071 ,"TIZANIDINA 2MG, COMPRIMIDO (AJ)"
650119001243110 ,"ARIPIPRAZOL 30MG, COMPRIMIDO (AJ)"
650119001243152 ,"INOTUZUMABE OZOGAMICINA, 1MG, PO LIOFILIZADO PARA SOLUCAO INJETAVEL, FRASCO-AMPOLA"
650119001243314 ,"OXCARBAZEPINA 600MG, COMPRIMIDO (AJ)"
650119001243322 ,"TICAGRELOR 90MG, COMPRIMIDO (AJ)"
650119001243330 ,"VILDAGLIPTINA 50MG + METFORMINA, CLORIDRATO 1000MG, COMPRIMIDO (AJ)"
650119001243373 ,"SUNITINIBE MALATO, 50MG, CAPSULA (AJ)"
650119001243462 ,"VANDETANIBE 100MG, COMPRIMIDO (AJ)"
650119001243535 ,"BETAISTINA 16MG, COMPRIMIDO"
650119001243578 ,"ENZALUTAMIDA 40MG, CAPSULA AJ"
650119001243586 ,"FINGOLIMODE CLORIDRATO, 0,5MG, CAPSULA AJ"
650119001243616 ,"OXCARBAZEPINA 300MG, COMPRIMIDO (AJ)"
650119001243624 ,"PALIPERIDONA PALMITATO, 100MG/ML, SUSPENSAO INJETAVEL DE LIBERACAO PROLONGADA, SERINGA PREENCHIDA COM 1ML (100MG) (AJ)"
650119001243632 ,"RIOCIGUATE 1MG, COMPRIMIDO (AJ)"
650119001243640 ,"SOLIFENACINA SUCCINATO, 5MG, COMPRIMIDO (AJ)"
650119001243756 ,CODEINA 3 MG/ML SOLUCAO ORAL (POR FRASCO DE 120 ML)
650119001243764 ,"DILTIAZEM CLORIDRATO, 60MG, COMPRIMIDO (AJ)"
650119001244124 ,"INFLIXIMABE, 10MG/ML, INJETAVEL, PO LIOFILIZADO-AJ"
650119001244140 ,"RANIBIZUMABE, 10 MG/ML, FRASCO AMPOLA, 0,23ML"
650119001244159 ,"RIOCIGUATE 1,5MG COMPRIMIDO"
650119001244167 ,"SOLIFENACINA, SUCCINATO 10MG, COMPRIMIDO AJ"
650119001244175 ,"TEMOZOLOMIDA, 5MG, CÁPSULA"
650119001244183 ,"VALGANCICLOVIR, 450MG, COMPRIMIDO (AJ)"
650119001244191 ,"DUTASTERIDA 0,5MG + TANSULOSINA CLORIDRATO 0,4MG, CAPSULA DE LIBERACAO PROLONGADA (AJ)"
650119001244248 ,"METILFENIDATO CLORIDRATO, 20MG, CAPSULA DE LIBERACAO MODIFICADA"
650119001244256 ,"LORLATINIBE 100MG, COMPRIMIDO"
650119001244264 ,"BREXPIPRAZOL 1MG, COMPRIMIDO"
650119001244329 ,"TEMOZOLOMIDA 140MG, CAPSULA"
650119001244345 ,"TOCILIZUMABE 162MG, SOLUCAO INJETAVEL PARA ADMINISTRACAO SUBCUTANEA, SERINGA PREENCHIDA COM 0,9ML"
650119001244477 ,"NALTREXONA, CLORIDRATO DE 5OMG, CAPSULA"
650119001244604 ,"MENOTROPINA, 75UI, AMPOLA (AJ)"
650119001244914 ,"LATANOPROSTA 50MCG/ML + TIMOLOL 5MG/ML SOLUCAO OFTALMICA FRASCO 2,5ML (AJ)"
650119001244990 ,PROPATILNITRATO 10MG COMPRIMIDO (AJ)
650119001245015 ,ESOMEPRAZOL MAGNESIO 40MG COMPRIMIDOS REVESTIDOS DE LIBERACAO RETARDADA
650119001245163 ,"DENOSUMABE 60MG/ML, SOLUCAO INJETAVEL, SERINGA PREENCHIDA COM 1ML (AJ)"
650119001245171 ,"ERLOTINIBE 150MG, COMPRIMIDO (AJ)"
650119001245180 ,"HIALURONATO DE SODIO, 10MG/ML, SOLUCAO INJETAVEL, SERINGA PREENCHIDA COM 2ML"
650119001245198 ,"METILFENIDATO CLORIDRATO, 36 MG, COMPRIMIDO DE LIBERACAO CONTROLADA"
650119001245201 ,"PREGABALINA 150MG, CAPSULA"
650119001245210 ,"RUXOLITINIBE FOSFATO, 5MG, COMPRIMIDO"
650119001245228 ,"SUNITINIBE MALATO, 12,5MG, CAPSULA"
650119001245236 ,"TERIPARATIDA 250MCG/ML, SOLUCAO INJETAVEL, 2,4ML, CANETA INJETORA COM SISTEMA DE APLICACAO"
650119001245244 ,"ZOLPIDEM HEMITARTARATO, 10MG, COMPRIMIDO"
650119001245430 ,"INDACATEROL MALEATO, 150MG, CAPSULA CONTENDO PO INALANTE + INALADOR"
650119001245457 ,"METILFENIDATO CLORIDRATO, 18MG, COMPRIMIDO DE LIBERACAO PROLONGADA (AJ)"
650119001245899 ,"CEMIPLIMABE 350 MG, SOLUCAO PARA DILUICAO, PARA INFUSAO, FRASCO AMPOLA 7 ML"
650119001245961 ,"RIVASTIGMINA, 27MG, ADESIVO TRANSDERMICO, LIBERACAO DE 13,3MG/24HORAS (AJ)"
650119001246062 ,"ARIPIPRAZOL 20MG, COMPRIMIDO (AJ)"
650119001246070 ,"OXIBUTININA CLORIDRATO DE, 5 MG COMPRIMIDO"
650119001246089 ,"LINAGLIPTINA, 5MG COMPRIMIDO (AJ)"
650119001246097 ,"ICATIBANTO, ACETATO 10MG/ML, SERINGA PREENCHIDA 3ML (AJ)"
650119001246119 ,"BENFOTIAMINA,150MG, DRAGEA (AJ)"
650119001246127 ,"QUETIAPINA FUMARATO, DE 300 MG, COMPRIMIDO, LIBERACAO PROLONGADA (AJ)"
650119001246135 ,"ROSUVASTATINA, CALCICA 10MG COMPRIMIDO (AJ)"
650119001246399 ,"DARATUMUMAB SC 120MG/ML INJETAVEL, FRASCO-AMPOLA 15ML (1800MG)"
650119001246836 ,"CANABIDIOL 50MG/ML, SOLUCAO ORAL, FRASCO COM 30ML(AJ) - N?O USAR"
650119001246860 ,"RUXOLITINIBE FOSFATO, 10MG, COMPRIMIDO (AJ)"
650119001247077 ,"PALIPERIDONA PALMITATO, 100MG/ML, SUSPENSAO INJETAVEL DE LIBERACAO PROLONGADA, SERINGA PREENCHIDA COM 0,5ML (50MG) (AJ)"
650119001247115 ,"MACROGOL 4MG/ML + PROPILENOGLICOL 3MG/ML + HIDROXIPROPILGUAR 1,8MG/ML, SOLUCAO OFTALMICA ESTERIL, FRASCO COM 5ML (AJ)"
650119001247123 ,INSULINA ASPART SOLUCAO INJETAVEL 100 UI/ML 10 ML (AJ)
650119001247140 ,"MIGLUSTAT 100MG, CAPSULA"
650119001247158 ,"TOXINA BOTULINICA TIPO A, 500 U, SOLUCAO INJETAVEL, FRASCO AMPOLA (AJ)"
650119001247166 ,"TRASTUZUMABE 440 MG, PO LIOFILIZADO, INJETAVEL, FRASCO-AMPOLA"
650119001247794 ,ELOTUZUMABE 400MG PO LIOFILIZADO SOL INJETAVEL FRASCO AMPOLA (AJ)
650119001247808 ,"IVACAFTOR, TEZACAFTOR 100 + 150 MG COMPRIMIDOS REVESTIDOS(AJ)"
650119001247832 ,"VOSORITIDA 0,4 MG PO LIOFILO SOLUCAO INJETAVEL SUBCUTANEA CONJUNTO 10 FA VOLUME DE TRANSFERENCIA + 10 SERINGA PREENCHIDA VOLUME DE TRANSFERENCIA DILUENTE X 0,5 ML + 10 AGULHA + 10 SERINGAS (AJ)"
650119001248278 ,"BRENTUXIMABE, VEDOTINA, 50 MG, PO LIOFILO PARA INJETAVEL, FRASCO-AMPOLA (AJ)"
650119001248766 ,"ISAVUCONAZONIO SULFATO,186MG (EQUIVALENTE A 100MG DE ISAVUCONAZOL), CAPSULA (AJ)"
650119001248871 ,"TEDUGLUTIDA 5MG, PO LIOFILIZADO PARA SOLUCAO INJETAVEL, FRASCO-AMPOLA (AJ)"
650119001249215 ,"BETAINA ANIDRA, 1G, CAPSULA (AJ)"
650119001249231 ,BEZAFIBRATO 200 MG (POR DRÁGEA OU COMPRIMIDO)
650119001249240 ,"ELEXACAFTOR + IVACAFTOR + TEZACAFTOR (50MG + 25MG + 37,5MG/COMPRIMIDO), CO-EMBALADO COM COMPRIMIDO DE 75MG DE IVACAFTOR, EMBALAGEM CONTENDO 56 + 28 COMPRIMIDOS (AJ)"
650119001249266 ,"ENTACAPONA 200MG+ LEVODOPA 150MG+ CARBIDOPA 37,5MG COMPRIMIDO, REVESTIDO (AJ)"
650119001249410 ,ACIDO CHENODEOXICÓLICO 250 MG COMPRIMIDOS
650119001249428 ,"VOSORITIDA 0,56 MG PO LIOFILO SOLUCAO INJETAVEL SUBCUTANEA FRASCO AMPOLA"
650119001249495 ,"BELIMUMABE 200MG/ML, SOLUCAO INJETAVEL, SERINGA PREENCHIDA COM 1ML (AJ)"
650119001249614 ,"TRASTUZUMABE DERUXTECANA,100MG, PO LIOFILIZADO PARA SOLUCAO INJETAVEL, FRASCO-AMPOLA.(AJ)"
650119001249894 ,"CETOTIFENO FUMARATO, 0,25MG/L, SOLUCAO OFTALMICA, FRASCO COM 5ML (AJ)"
650119001250159 ,"CABOZANTINIBE LEVOMALATO, 20MG, COMPRIMIDO (AJ)"
650119001250167 ,LEDIPASVIR 90 MG / SOFOSBUVIR 400 MG (POR COMPRIMIDO)
650119001250698 ,"CARBAMAZEPINA, 200 MG , COMPRIMIDO (TEGRETOL?) (AJ)"
650119001251511 ,"MIGALASTATE, 123MG, CAPSULA DURA (AJ)"
650119001252003 ,"ZUCLOPENTIXOL DICLORIDRATO, 25MG, COMPRIMIDO (AJ)"
650119001252364 ,"OLMESARTANA MEDOXOMILA 20MG + HIDROCLOROTIAZIDA 12,5MG + ANLODIPINOO 5MG, COMPRIMIDO REVESTIDO AJ.."
650119001254391 ,IXAZOMIBE 4MG CAPSULA.
650119001254529 ,"BAMIFILINA CLORIDRATO, 600MG, COMPRIMIDO"
650119001254723 ,MIRTAZAPINA 15MG COMPRIMIDO
650119001254731 ,"PALIPERIDONA 3MG, COMPRIMIDO DE LIBERACAO PROLONGADA"
650119001254740 ,"SERTRALINA, CLORIDRATO 75MG COMPRIMIDO REVESTIDO"
650119001254979 ,"ZIPRASIDONA 80MG, CAPSULA. (AJ)"
650119001255029 ,"AXITINIB 1MG, COMPRIMIDO"
650119001255150 ,"GIVOSIRANA SODICA, 189MG/ML, SOLUCAO INJETAVEL PARA USO SUBCUTANEO, FRASCO-AMPOLA COM 1ML."
650119001255363 ,"ACETILCISTEINA 40MG/ML, XAROPE, FRASCO COM 120ML"
650119001255398 ,"PASIREOTIDA 20MG, PO PARA SUSPENSAO INJETAVEL IM, FRASCO AMPOLA + DILUENTE."
650119001255401 ,"QUETIAPINA FUMARATO, 200MG, COMPRIMIDO DE LIBERACAO PROLONGADA"
650119001255444 ,"SOMATROPINA, 36UI, PO LIOFILIZADO OU SOLUCAO INJETAVEL."
650119001255568 ,"SULFATO FERROSO, 125MG/ML, SOLUCAO ORAL, FRASCO COM 30ML."
650119001255576 ,ABEMACICLIBE 200MG COMPRIMIDO
650119001255630 ,"ELEXACAFTOR + IVACAFTOR + TEZACAFTOR (100MG + 75MG + 50MG/COMPRIMIDO), CO-EMBALADO COM COMPRIMIDO DE 150MG DE IVACAFTOR, EMBALAGEM CONTENDO 56 + 28 COMPRIMIDOS"
650119001255690 ,"UPADACITINIBE HEMI-HIDRATADO 15MG, COMPRIMIDO DE LIBERACAO PROLONGADA (AJ)"
650119001256580 ,"TIPIRACILA CLORIDRATO 8,19MG + TRIFLURIDINA 20MG, COMPRIMIDO"
650119001256653 ,"INSULINA ASPART SOLUCAO INJETAVEL 100 UI/ML 10 ML, FRASCO AMPOLA (FIASP)"
650119001256866 ,"RIVAROXABANA, 20 MG, COMPRIMIDO REVESTIDO (XARELTO)"
650119001256912 ,"BETAMETASONA VALERATO 1 MG/G CREME DERMATOLOGICO, BISNAGA COM 30G"
650119001257617 ,"TIAMINA, 300MG, COMPRIMIDO REVESTIDO (AJ)"
650119001257706 ,PROTEINA C 500UI DERIVADA DE PLASMA HUMANO PO PARA SOLUCAO INJETAVEL FRASCO-AMPOLA + DILUENTE 5ML (FIDEGERP)
650119001257730 ,"RAMIPRIL 10MG, COMPRIMIDO"
650119001259245 ,"XINAFOATO DE SALMETEROL 50MCG/DOSE + PROPIONATO DE FLUTICASONA 100MCG/DOSE, PO INALATORIO, DISPOSITIVO COM 60 DOSES"
650119001259385 ,"TRASTUZUMABE 600MG, SOLUCAO INJETAVEL, FRASCO-AMPOLA COM 5ML"
650119001259709 ,"IDEBENONA 800MG, SACHE. MANIPULACAO MAGISTRAL"
650119001259717 ,"PALBOCICLIBE, 100MG, CAPSULA"
650119001259954 ,"SOMATROPINA, 10MG/ 1,5ML SOLUCAO INJETAVEL EM SISTEMA DE APLICACAO"
650119001259962 ,"DIVALPROATO, DE SODIO 134,5 MG (EQUIVALENTE A 125 MG DE ACIDO VALPROICO) CAPSULA (AJ)"
650119001260499 ,"ISATUXIMABE 20MG/ML, SOLUCAO INJETAVEL, FRASCO-AMPOLA COM 25ML"
650119001261142 ,"DESLORATADINA 0,5 MG/ML, XAROPE + SERINGA DOSADORA + ADAPTADOR DE FRASCO, FRASCO COM 60 ML"
650119001261207 ,"ROMOSOZUMABE 90MG/ML, SOLUCAO INJETAVEL, SERINGAS PREENCHIDA DE 1,17 ML"
650119001261487 ,"SULPIRIDA 50MG, CAPSULA"
650119001261614 ,"URSODESOXICOLICO ACIDO,150 MG COMPRIMIDO (URSACOL)"
650119001262319 ,"RIVAROXABANA 10MG, COMPRIMIDO(XARELTO)"
650119001262661 ,"CANABIDIOL 200MG/ML, SOLUCAO ORAL, FRASCO COM 30ML. (AJ)"
650119001262955 ,"VENLAFAXINA, CLORIDRATO DE, 75 MG, CAPSULA OU COMPRIMIDO DE LIBERACAO PROLONGADA (AJ)"
650119001263269 ,"ESTRADIOL, VALERATO 2 MG + ACETATO DE CIPROTERONA 1 MG COMPRIMIDO REVESTIDO"
650119001263749 ,CANABIDIOL 50MG/ML SOLUÇ?O ORAL COM 30ML
650119001263773 ,"SACITUZUMABE GOVITECANA 200MG, PO LIOFILIZADO PARA SOLUCAO INJETAVEL, INTRAVENOSO, FRASCO-AMPOLA"
650119001263900 ,"CANABIDIOL 20MG/ML, SOLUCAO ORAL, FRASCO COM 30ML (600MG) AÇ?O JUDICIAL"
650119001264362 ,"TOXINA, BOTULINICA TIPO A, 200 UI, SOLUCAO INJETAVEL, FRASCO AMPOLA"
650119001264753 ,"DIVALPROATO, DE SODIO 134,5 MG (EQUIVALENTE A 125 MG DE ACIDO VALPROICO) CAPSULA.(DEPAKOTE SPRINKLE)"
650119001264796 ,"IXAZOMIBE CITRATO DE, 3MG CAPSULA"
650119001264800 ,"INEBILIZUMABE, 10MG/ML, SOLUCAO PARA DILIUICAO PARA INFUSAO, CONJUNTO COM 3 FRASCOS AMPOLA 10 ML"
650119001265148 ,"FEXOFENADINA, CLORIDRATO, 120MG, COMPRIMIDO"
650119001265156 ,"FEXOFENADINA, CLORIDRATO, 180MG, COMPRIMIDO"
650119001265199 ,"ESCETAMINA CLORIDRATO DE, SOLUCAO SPRAY NASAL, FRASCO COM 28 MG + DISPOSITIVO INALADOR COM 0,2 ML"
650119001265733 ,"LEVOTIROXINA, SODICA 62,5MCG, CAPSULA OU COMPRIMIDO (AJ)"
650119001265750 ,"ANFOTERICINA B 0,15% , SOLUCAO OFTALMICA ESTERIL, FRASCO COM 5ML"
650119001265768 ,"MOXIFLOXACINO 5,45 MG/ML SOLUCAO OFTALMICA ESTÉRIL, FRASCO 5 ML"
650119001266004 ,"SELUMETINIBE, SULFATO 10 MG, CAPSULA DURA"
650119001270842 ,"RITUXIMABE (BIOSSIMILAR C) 10MG/ML, SOL. PARA DILUICAO PARA INFUSAO, FRASCO-AMPOLA COM 10ML (100MG). (RUXIENCE)"
650119001270850 ,"RITUXIMABE (BIOSSIMILAR C) 10MG/ML, SOL. PARA DILUICAO PARA INFUSAO, FRASCO-AMPOLA COM 50ML (500MG). (RUXIENCE)"
650119001281747 ,INSULINA ANÁLOGA DE AÇ?O RÁPIDA 100 UI/ML (TUBETES DE 3ML) (CRIANÇAS MENORES DE 4 ANOS E GRÁVIDAS)
650119001285424 ,RISANQUIZUMABE 150 MG/ML CANETA APLICADORA COM 1 ML
65011901248286 ,"CETUXIMABE, 100 MG, INJETAVEL, FRASCO-AMPOLA 20 ML (AJ)"
650219000024465 ,ACETAZOLAMIDA 250 MG (POR COMPRIMIDO)
650219000024503 ,ÁCIDO ACETILSALICÍLICO 100 MG COMPRIMIDO
650219000024597 ,"ACIDO VALPROICO, XAROPE 50MG/ML FR. COM 100ML"
650219000024660 ,"ALBENDAZOL, COMPRIMIDO MASTIGAVEL 400 MG"
650219000024864 ,AMOXICILINA 500 MG CÁPSULA
650219000024953 ,ARTESUNATO SÓDICO 60 MG/ML AMPOLA
650219000025020 ,AZATIOPRINA 50 MG (POR COMPRIMIDO)
650219000025097 ,BACLOFENO 10 MG COMPRIMIDO
650219000025127 ,BENZILPENICILINA BENZATINA 1.200.000 UI - PÓ P/ SUSPENS?O INJETÁVEL
650219000025151 ,"BENZILPENICILINA CRISTALINA, PO PARA SOLUCAO INJETAVEL 5.000.000 UI FA"
650219000025151 ,BENZILPENICILINA POTÁSSICA 5.000.000 UI PÓ PARA SOLUÇ?O INJETÁVEL
650219000025186 ,BENZONIDAZOL 100 MG COMPRIMIDO
650219000025488 ,"CARBAMAZEPINA, XAROPE 100MG/5ML. EMBALAGEM: FRASCO COM 100ML"
650219000025496 ,CARBAMAZEPINA 400MG - COMPRIMIDO
650219000025828 ,"CETOCONAZOL, COMPRIMIDO 200 MG"
650219000026085 ,"CIPROFLOXACINO, CLORIDRATO 500 MG  COMPRIMIDO ELENCO ESTADUAL"
650219000026115 ,CITALOPRAM 20 MG COMPRIMIDO
650219000026450 ,CLOROQUINA 150 MG (POR COMPRIMIDO)
650219000026484 ,"CLORPROMAZINA, CLORIDRATO 25MG - COMPRIMIDO"
650219000026549 ,CODEÍNA 30MG + PARACETAMOL 500MG - COMPRIMIDO
650219000026913 ,"DEXCLORFENIRAMINA MALEATO 0,4 MG/ML SOLUÇ?O ORAL"
650219000026913 ,"DEXCLORFENIRAMINA, MALEATO 0,4 MG/ML SOLUÇ?O ORAL 100 ML"
650219000026980 ,DIAZEPAM 5 MG COMPRIMIDO
650219000027090 ,"DIGOXINA 0,25 MG COMPRIMIDO"
650219000027170 ,DIPIRONA SÓDICA 500MG/ML - SOLUÇ?O ORAL
650219000027197 ,DOMPERIDONA 1MG/ML - SUSPENS?O ORAL
650219000027200 ,DOMPERIDONA 10MG - COMPRIMIDO
650219000027235 ,DOXICICLINA 100 MG COMPRIMIDO
650219000027235 ,DOXICICLINA CLORIDRATO 100 MG COMPRIMIDO
650219000027812 ,ENALAPRIL MALEATO 10 MG COMPRIMIDO
650219000027880 ,ESPIRONOLACTONA 100MG - COMPRIMIDO
650219000027944 ,"ESTREPTOMICINA, SULFATO 1G - PÓ PARA SOLUÇ?O INJETÁVEL"
650219000028029 ,"ETAMBUTOL, CLORIDRATO 400 MG COMPRIMIDO"
650219000028401 ,FUROSEMIDA 40 MG COMPRIMIDO
650219000028410 ,GANCICLOVIR SÓDICO 500 MG AMPOLA
650219000028460 ,GLIBENCLAMIDA 5 MG COMPRIMIDO
650219000028576 ,GLIMEPIRIDA 2MG - COMPRIMIDO
650219000028746 ,IBUPROFENO  600 MG COMPRIMIDO
650219000028797 ,"INSULINA HUMANA NPH, SOLUCAO INJETAVEL 100 UI/ML, FR. COM 10ML"
650219000028800 ,"INSULINA HUMANA REGULAR, SOLUCAO INJETAVEL 100 UI/ML, FR. COM 10ML"
650219000028983 ,ISONIAZIDA 100 MG COMPRIMIDO
650219000029017 ,ISOSSORBIDA DINITRATO  5MG - COMPRIMIDO
650219000029033 ,LAMIVUDINA 10 MG/ML SOLUCAO ORAL (FRASCO DE 240 ML)
650219000029041 ,LAMIVUDINA 150 MG (POR COMPRIMIDO)
650219000029084 ,LEVOMEPROMAZINA COMPRIMIDO 100MG
650219000029157 ,"LIDOCAINA, CLORIDRATO 2%, GELEIA 20MG/G BISNAGA, COM 30GR"
650219000029459 ,NORETISTERONA 50MG + ESTRADIOL 5MG - AMPOLA
650219000029467 ,"NORETISTERONA 0,35MG - 1 BLISTER 35 COMPRIMIDOS"
650219000029610 ,METILDOPA  250 MG MG COMPRIMIDO
650219000029661 ,METILPREDNISOLONA 500 MG INJETAVEL (POR AMPOLA)
650219000029750 ,METRONIDAZOL 250 MG COMPRIMIDO
650219000029831 ,MIRTAZAPINA COMPRIMIDO 30MG
650219000030058 ,"OXIDO DE ZINCO+ VIT. A + VIT. D, POMADA TOPICA TB. COM 45G"
650219000030090 ,PARACETAMOL 200 MG/ML SOLUÇ?O ORAL 15 ML
650219000030090 ,"PARACETAMOL, SOLUCAO ORAL, GOTAS 200MG/ML, FRASCO COM 15ML "
650219000030104 ,PARACETAMOL 500 MG COMPRIMIDO
650219000030147 ,PENTOXIFILINA 400 MG COMPRIMIDO
650219000030260 ,PIRAZINAMIDA 500 MG COMPRIMIDO COMPRIMIDO
650219000030376 ,PRIMAQUINA DIFOSFATO 5 MG COMPRIMIDO
650219000030392 ,"PROMETAZINA, CLORIDRATO 25 MG COMPRIMIDO"
650219000030414 ,PROPILTIOURACILA 100MG - COMPRIMIDO
650219000030449 ,PROPRANOLOL 40MG - COMPRIMIDO
650219000030520 ,RIFAMPICINA 20MG/ML - SUSPENS?O ORAL
650219000030554 ,RITONAVIR 100 MG COMPRIMIDO
650219000030872 ,SULFADIAZINA 500 MG COMPRIMIDO
650219000030872 ,SULFADIAZINA 500MG - COMPRIMIDO
650219000030929 ,SULFASSALAZINA 500 MG (POR COMPRIMIDO)
650219000030961 ,SULFATO FERROSO (40MG DE FERRO ELEMENTAR) 109 MG COMPRIMIDO ELENCO ESTADUAL
650219000030988 ,TALIDOMIDA 100 MG COMPRIMIDO
650219000031003 ,TAMOXIFENO 20MG - COMPRIMIDO
650219000031267 ,"TUBERCULINA (PPD-RT 23, 2.000U) SOLUÇ?O INJETÁVEL"
650219000031712 ,LAMIVUDINA+ZIDOVUDINA 150+300 MG COMPRIMIDO
650219000031739 ,ZIDOVUDINA 10 MG/ML SOLUÇ?O INJETÁVEL
650219000032077 ,AMOXICILINA 50 MG/ML PÓ PARA SUSPENS?O 60 ML
650219000032131 ,"OLEO, MINERAL, PURO, LIQUIDO ORAL, FRASCO 100 ML"
650219000032905 ,AZITROMICINA 250 MG - COMPRIMIDO
650219000033448 ,HIDROXIUREIA 500 MG (POR CAPSULA)
650219000033480 ,ALFAINTERFERONA 2B 5.000.000 UI INJETAVEL (POR FRASCO-AMPOLA)
650219000036021 ,"BROMOCRIPTINA 2,5 MG (POR COMPRIMIDO)"
650219000036307 ,PIRIMETAMINA 25MG - COMPRIMIDO
650219000036307 ,PIRIMETAMINA 25MG COMPRIMIDO
650219000036340 ,RIFAMPICINA 300 MG CÁPSULA
650219000036366 ,SULFAMETOXAZOL + TRIMETOPRIMA  400 + 80 MG COMPRIMIDO ELENCO ESTADUAL
650219000041572 ,PILOCARPINA 20 MG/ML SOLUÇ?O OFTÁLMICA (POR FRASCO DE 10 ML)
650219000046639 ,HIDRALAZINA 50MG - COMPRIMIDO
650219000047791 ,LEVOMEPROMAZINA SOLUCAO ORAL A 4% FRASCO COM 20ML
650219000047864 ,"TROPICAMIDA 0,01G/ML SOLUCAO OFTALMICA FRASCO COM 5ML"
650219000057371 ,GANCICLOVIR SÓDICO 250 MG - CAPSULA
650219000062855 ,ENTACAPONA 200 MG (POR COMPRIMIDO)
650219000077879 ,ESPIRONOLACTONA 25MG - COMPRIMIDO
650219000077933 ,"MOXIFLOXACINO, CLORIDRATO 400 MG COMPRIMIDO"
650219000082368 ,"CEFADROXIL MONOHIDRATADO, 500MG CAPSULA"
650219000084875 ,"CLINDAMICINA, CLORIDRATO 300 MG CÁPSULA"
650219000090913 ,ATORVASTATINA 20 MG (POR COMPRIMIDO)
650219000090921 ,"BICALUTAMIDA, 50MG, COMPRIMIDO REVESTIDO"
650219000091383 ,ATORVASTATINA 10 MG (POR COMPRIMIDO)
650219000099660 ,MICOFENOLATO DE SODIO 360 MG (POR COMPRIMIDO)
650219000100145 ,MICOFENOLATO DE SODIO 180 MG (POR COMPRIMIDO)
650219000100358 ,ACICLOVIR 400MG - COMPRIMIDO
650219000100943 ,ÁCIDO URSODESOXICÓLICO 150 MG (POR COMPRIMIDO)
650219000101575 ,LEFLUNOMIDA 20 MG (POR COMPRIMIDO)
650219000109649 ,VITAMINA A PALMITATO 100.000 UI CÁPSULA
650219000109657 ,VITAMINA A PALMITATO 200.000 UI CÁPSULA
650219000111775 ,"CLORETO DE SÓDIO, 0,9 %, SOLUÇ?O INJETÁVEL, 10ML DE SOLUÇ?O SERINGA 10ML"
650219000111775 ,"CLORETO DE SODIO, SOLUCAO INJETAVEL 0,9% 10ML"
650219000112054 ,MORFINA 10 MG/ML (POR AMPOLA DE 1 ML)
650219000116220 ,"TRAVOPROSTA 0,04 MG/ML SOLUÇ?O OFTÁLMICA (POR FRASCO DE 2,5 ML)"
650219000116238 ,"LATANOPROSTA 0,05 MG/ML SOLUÇ?O OFTÁLMICA (POR FRASCO DE 2,5 ML)"
650219000118559 ,SECNIDAZOL 1000 MG COMPRIMIDO
650219000120090 ,"MISOPROSTOL 25,0MCG, COMPRIMIDO VAGINAL"
650219000120090 ,"MISOPROSTOL 25,0MG COMPRIMIDO VAGINAL"
650219000120456 ,ÁCIDO TRANEXÂMICO 250 MG - COMPRIMIDO
650219000127612 ,TIAMAZOL 10MG COMPRIMIDO
650219000129216 ,BOSENTANA 125MG (POR COMRIMIDO REVESTIDO)
650219000131237 ,LEVOFLOXACINO 500 MG COMPRIMIDO
650219000131261 ,METILFENIDATO CLORIDRATO 10 MG COMPRIMIDO
650219000131296 ,MUPIROCINA 2% CREME BISNAGA COM 15 G COM 20 MG/G
650219000133043 ,SINVASTATINA  20 MG COMPRIMIDO
650219000133078 ,BEZAFIBRATO 400 MG (POR COMPRIMIDO DE DESINTEGRAÇ?O LENTA)
650219000133841 ,INSULINA ASPART SOLUCAO INJETAVEL 100 U/ML 3ML
650219000136913 ,IMATINIBE MESILATO 400 MG COMPRIMIDO
650219000141305 ,AMANTADINA 100 MG (POR COMPRIMIDO)
650219000141941 ,"PRAMIPEXOL 0,125 MG (POR COMPRIMIDO)"
650219000141984 ,"PRAMIPEXOL 0,25 MG (POR COMPRIMIDO)"
650219000142026 ,PRAMIPEXOL 1 MG (POR COMPRIMIDO)
650219000153915 ,"MISOPROSTOL 200 MCG, COMPRIMIDO VAGINAL"
650219000154059 ,SILDENAFILA 50 MG (POR COMPRIMIDO)
650219000154296 ,"RITUXIMAB 500 MG, SOLUCAO INJETAVEL, FRASCO AMPOLA 50 ML"
650219000154385 ,SIROLIMO 1 MG (POR DRAGEA)
650219000155551 ,VORICONAZOL 200 MG COMPRIMIDO
650219000155560 ,CLOPIDOGREL 75 MG (POR COMPRIMIDO)
650219000159646 ,ENFUVIRTIDA 90MG/ML PO-LIOFILO P/ INJETÁVEL PÓ LIOF INJ (FR-AMP)
650219000160059 ,ETANERCEPTE 25 MG INJETÁVEL (POR FRASCO-AMPOLA OU SERINGA PREENCHIDA)
650219000165115 ,ACITRETINA 25 MG (POR CAPSULA)
650219000165182 ,"CABERGOLINA 0,5 MG (POR COMPRIMIDO)"
650219000165239 ,"CALCITRIOL 0,25 MCG (POR CAPSULA)"
650219000165247 ,"CALCITRIOL 1,0 MCG INJETAVEL (POR AMPOLA)"
650219000165468 ,"ALFADORNASE 2,5 MG (POR AMPOLA)"
650219000165700 ,"BETAINTERFERONA 1A 6.000.000 UI (30 MCG) INJETAVEL (POR FRASCO-AMPOLA, SERINGA PREENCHIDA OU CANETA PREENCHIDA)"
650219000165735 ,NEVIRAPINA 200 MG COMPRIMIDO
650219000165751 ,"OCTREOTIDA 0,1 MG/ML INJETAVEL (POR AMPOLA)"
650219000165786 ,OLANZAPINA 10 MG (POR COMPRIMIDO)
650219000165794 ,OLANZAPINA 5 MG (POR COMPRIMIDO)
650219000165816 ,QUETIAPINA 100 MG (POR COMPRIMIDO)
650219000165824 ,QUETIAPINA 200 MG (POR COMPRIMIDO)
650219000165832 ,QUETIAPINA 25 MG (POR COMPRIMIDO)
650219000165840 ,RALOXIFENO 60 MG (POR COMPRIMIDO)
650219000165859 ,"RIVASTIGMINA 1,5 MG (POR CAPSULA)"
650219000165913 ,TACROLIMO 5 MG (POR CAPSULA)
650219000165921 ,TACROLIMO 1 MG (POR CAPSULA)
650219000165930 ,TOPIRAMATO 100 MG (POR COMPRIMIDO)
650219000165948 ,TOPIRAMATO 25 MG (POR COMPRIMIDO)
650219000165956 ,TOPIRAMATO 50 MG (POR COMPRIMIDO)
650219000166090 ,CIPROTERONA 50 MG (POR COMPRIMIDO)
650219000166103 ,"DESMOPRESSINA 0,1 MG/ML APLICACAO NASAL (POR FRASCO DE 2,5 ML"
650219000167371 ,INSULINA ANÁLOGA DE AÇ?O RÁPIDA 100 UI/ML (SISTEMA DE APLICAÇ?O DESCARTAVÉL)
650219000167371 ,INSULINA ASPART SOLUCAO INJETAVEL 100 UI/ML 10 ML
650219000167991 ,SIROLIMO 2 MG (POR DRAGEA)
650219000176877 ,ABACAVIR SULFATO 20 MG/ML SOLUÇ?O ORAL
650219000176877 ,"ABACAVIR SULFATO DE, 20 MG/ML, SOLUÇ?O FRASCO 240ML + COPO MEDIDA OU SERINGA DOSADORA"
650219000176885 ,"ABACAVIR SULFATO DE 300 MG, COMPRIMIDO"
650219000176940 ,EFAVIRENZ 30 MG/ML SOLUÇ?O ORAL
650219000176940 ,EFAVIRENZ 30 MG/ML SOLUÇ?O ORAL 180 ML
650219000176958 ,EFAVIRENZ 600 MG CÁPSULA
650219000176958 ,EFAVIRENZ 600 MG COMPRIMIDO
650219000177792 ,NEVIRAPINA 10 MG/ML 240 ML SOLUÇ?O ORAL
650219000177806 ,TENOFOVIR 300 MG (POR COMPRIMIDO)
650219000179736 ,DONEPEZILA 10 MG (POR COMPRIMIDO)
650219000179744 ,DONEPEZILA 5 MG (POR COMPRIMIDO)
650219000179787 ,HIDROCLOROTIAZIDA  25MG COMPRIMIDO
650219000187437 ,SILDENAFILA 20 MG (POR COMPRIMIDO)
650219000193186 ,"INSULINA DETEMIR 100 U/ML, SOLUCAO INJETAVEL 3 ML, CANETA PREENCHIDA DESCARTAVEL"
650219000193755 ,CICLOSPORINA 10 MG (POR CAPSULA)
650219000196673 ,"CILOSTAZOL, 100 MG, COMPRIMIDO"
650219000196681 ,"GLUCAGON, FRASCO, COM 1MG /1UI + SERINGA COM DILUENTE"
650219000198455 ,"DORZOLAMIDA, CLORIDRATO DE, 2 % + TIMOLOL MALEATO DE 0,5%, SOLUCAO OFTALMICA, FRASCO 5 ML"
650219000200379 ,METRONIDAZOL 100 MG/G GEL 50 G
650219000200794 ,MIGLUSTATE 100 MG (POR CAPSULA)
650219000203068 ,ALFAEPOETINA 3.000 UI INJETAVEL (POR FRASCO-AMPOLA)
650219000204048 ,EFAVIRENZ 200 MG CÁPSULA
650219000204536 ,"IMUNOGLOBULINA, HUMANA, ANTI-HEPATITE B 1000UI/5ML, AMPOLA 5ML"
650219000204536 ,IMUNOGLOBULINA ANTI-HEPATITE B 1000 UI INJETÁVEL (POR FRASCO)
650219000204560 ,PRAZIQUANTEL 600 MG COMPRIMIDO
650219000204560 ,PRAZIQUANTEL 600MG - COMPRIMIDO
650219000204595 ,RIFAMPICINA 300MG + DAPSONA 100MG + CLOFAZIMINA 50+100MG MB ADULTO
650219000205737 ,"CEFADROXIL PO, PARA SUSPENSAO ORAL, FRASCO COM 100ML, APOS RECONSTITUICAO: CEFADROXIL MONOHIDRATADO 250MG POR 5ML."
650219000206520 ,RIFAMPICINA 300+150MG + DAPSONA 50MG + CLOFAZIMINA 50MG MB INFANTIL
650219000207012 ,RISPERIDONA 2 MG (POR COMPRIMIDO)
650219000207020 ,CICLOSPORINA 50 MG (POR CAPSULA)
650219000207039 ,CICLOSPORINA 100 MG (POR CAPSULA)
650219000207071 ,MESALAZINA 800 MG - POR COMPRIMIDO 
650219000208604 ,DESFERROXAMINA 500 MG INJETAVEL (POR FRASCO-AMPOLA)
650219000210285 ,GALSULFASE 1 MG/ML SOLUÇ?O INJETÁVEL (POR FRASCO AMPOLA DE 5 ML)
650219000215635 ,HIDROXICLOROQUINA 400 MG (POR COMPRIMIDO)
650219000215643 ,ISOTRETINOINA 20 MG (POR CAPSULA)
650219000215651 ,MESALAZINA 250 MG (POR SUPOSITORIO)
650219000215678 ,RILUZOL 50 MG (POR COMPRIMIDO)
650219000215686 ,VIGABATRINA 500 MG (POR COMPRIMIDO)
650219000217115 ,MEMANTINA 10 MG (POR COMPRIMIDO)
650219000218197 ,"FLUDROCORTISONA 0,1 MG (POR COMPRIMIDO)"
650219000219720 ,ALFAEPOETINA 10.000 UI INJETAVEL (POR FRASCO-AMPOLA)
650219000219738 ,MICOFENOLATO DE MOFETILA 500 MG (POR COMPRIMIDO)
650219000219754 ,CICLOSPORINA 100 MG/ML SOLUCAO ORAL (POR FRASCO DE 50 ML)
650219000219770 ,MESALAZINA 400 MG (POR COMPRIMIDO)
650219000220752 ,"INSULINA ASPART 100U/ML DE ANALOGO DE INSULINA DE ACAO RAPIDA, CANETA INJETORA DESCARTAVEL PREENCHIDA COM 3 ML"
650219000690260 ,"METOPROLOL, SUCCINATO 50MG - COMPRIMIDO DE LIBERAÇ?O CONTROLADA"
650219000690520 ,ESCITALOPRAM 10 MG COMPRIMIDO
650219000692816 ,"METOTREXATO 2,5 MG (POR COMPRIMIDO)"
650219000695017 ,ONDANSETRONA 8 MG COMPRIMIDO REVESTIDO
650219000695351 ,LAMOTRIGINA 100 MG (POR COMPRIMIDO)
650219000695360 ,RIBAVIRINA 250 MG (POR CAPSULA)
650219000695386 ,CICLOSPORINA 25 MG (POR CAPSULA)
650219000695394 ,CLOZAPINA 25 MG (POR COMPRIMIDO)
650219000696277 ,"CLORETO DE SÓDIO 0,9 % SOLUÇ?O INJETÁVEL  500 ML SISTEMA FECHADO"
650219000696277 ,"CLORETO DE SODIO 0,9% 500ML SISTEMA FECHADO DE TRANSFERENCIA FRASCO/BOLSA"
650219000696285 ,"CLORETO DE SÓDIO 0,9% SOLUÇ?O INJETÁVEL 250 ML SISTEMA FECHADO"
650219000697125 ,MONTELUCASTE SÓDICO 10 MG COMPRIMIDO
650219000700738 ,"ENTECAVIR 0,5 MG (POR COMPRIMIDO)"
650219000700932 ,FENOTEROL 100 MCG AEROSSOL (POR FRASCO DE 200 DOSES)
650219000701378 ,"ARIPIPRAZOL 10MG, COMPRIMIDO"
650219000704300 ,MESALAZINA 500 MG (POR COMPRIMIDO)
650219000706523 ,"DEXAMETASONA 0,1% COLIRIO FRASCO 5ML"
650219000706868 ,ETANERCEPTE 50MG INJETAVEL (POR FRASCO-AMPOLA OU SERINGA PREENCHIDA)(ORIGINADOR)
650219000949582 ,"ÁCIDO, FÓLICO, 0,2 MG/ML, GOTAS 30ML"
650219000949809 ,GABAPENTINA 300 MG (POR CAPSULA)
650219000952788 ,OFLOXACINO 400 MG COMPRIMIDO
650219000952788 ,OFLOXACINO 400MG - COMPRIMIDO
650219000957313 ,DAPSONA 100MG - COMPRIMIDO
650219000962279 ,VILDAGLIPTINA 50 MG COMPRIMIDO
650219000963020 ,"CARVEDILOL 3,125MG - COMPRIMIDO"
650219000964328 ,"BORTEZOMIBE, 3,5 MG, FRASCO AMPOLA, 3,5 ML"
650219000967343 ,CLOFAZIMINA 100 MG CÁPSULA
650219000967360 ,CLOFAZIMINA 50 MG CÁPSULA 
650219000967378 ,DEFERASIROX 250 MG (POR COMPRIMIDO) 
650219000967386 ,DEFERASIROX 500 MG (POR COMPRIMIDO) 
650219000967394 ,"MINOCICLINA, CLORIDRATO 100 MG COMPRIMIDO"
650219000969710 ,RALTEGRAVIR 400 MG COMPRIMIDO
650219000969729 ,EVEROLIMO 1 MG (POR COMPRIMIDO) 
650219000969745 ,"EVEROLIMO 0,5 MG (POR COMPRIMIDO) "
650219000969753 ,ATAZANAVIR SULFATO 300 MG CÁPSULA
650219000970123 ,ACETILCISTEÍNA 600 MG ENVELOPE COM 5 G
650219000970611 ,RIVASTIGMINA 18 MG ADESIVO TRANSDÉRMICO
650219000970778 ,ABATACEPTE 250 MG INJETÁVEL (POR FRASCO AMPOLA).
650219000975370 ,CODEINA 30 MG (POR COMPRIMIDO)
650219000975389 ,CODEINA 60 MG (POR COMPRIMIDO)
650219000975400 ,METADONA 10 MG (POR COMPRIMIDO)
650219000975419 ,METADONA 5 MG (POR COMPRIMIDO)
650219000975478 ,CLOZAPINA 100 MG (POR COMPRIMIDO)
650219000975508 ,MORFINA 10 MG (POR COMPRIMIDO)
650219000975516 ,MORFINA 30 MG (POR COMPRIMIDO)
650219000975702 ,MORFINA DE LIBERACAO CONTROLADA 30 MG (POR CAPSULA)
650219000975710 ,MORFINA  DE LIBERACAO CONTROLADA 60 MG (POR CAPSULA)
650219000975940 ,DEFERASIROX 125 MG (POR COMPRIMIDO) 
650219000976849 ,MARAVIROQUE 150 MG COMPRIMIDO
650219000977853 ,"ZOLEDRONICO, ACIDO 4MG INJETAVEL, FRASCO-AMPOLA"
650219000979309 ,PIRIDOSTIGMINA 60 MG (POR COMPRIMIDO)
650219000979635 ,LEVOTIROXINA SÓDICA 75MCG - COMPRIMIDO
650219000980242 ,"ENALAPRIL, MALEATO 20 MG COMPRIMIDO"
650219000980471 ,IBUPROFENO  50 MG/ML SUSPENS?O ORAL  30 ML
650219000980471 ,"IBUPROFENO 50MG/ML, SUSPENSAO ORAL 30ML"
650219000981850 ,CIPROTERONA ACETATO 100 MG COMPRIMIDO
650219000984094 ,"PIRIDOXINA, CLORIDRATO 100 MG COMPRIMIDO"
650219000988570 ,DASATINIBE 20 MG COMPRIMIDO
650219000992364 ,MEDROXIPROGESTERONA ACETATO 150MG/ML - SOLUÇ?O INJETÁVEL
650219000992941 ,"LOSARTANA POTÁSSICA 50MG + HIDROCLOROTIAZIDA 12,5MG - COMPRIMIDO"
650219000993433 ,"TIOTROPIO, BROMETO, 2,5 MCG POR DOSE, SOLUCAO PARA INALACAO ORAL, FRASCO COM 60 DOSES"
650219000993824 ,"NILOTINIBE 200MG, CAPSULA"
650219000993891 ,ALFAEPOETINA 4.000 UI INJETAVEL (POR FRASCO-AMPOLA)
650219000993905 ,ALFAEPOETINA 2.000 UI INJETAVEL (POR FRASCO-AMPOLA)
650219000994499 ,OXICODONA CLORIDRATO 10MG COMPRIMIDO DE LIBERACAO CONTROLADA
650219000995657 ,RIFAMPICINA 150MG + ISONIAZIDA 75MG + PIRAZINAMIDA 400MG + ETAMBUTOL 275MG COMPRIMIDO
650219000996181 ,IMIGLUCERASE 400 U INJETÁVEL (POR FRASCO-AMPOLA)
650219000996505 ,"BUPROPIONA, CLORIDRATO 150 MG COMPRIMIDO REVESTIDO DE LIBERAÇ?O PROLONGADA"
650219000996505 ,"BUPROPIONA, CLORIDRATO 150MG - COMPRIMIDO"
650219000997498 ,"AGUA, PARA INJECAO, APIROGENICA, SISTEMA FECHADO DE TRANSFERENCIA, FRASCO OU BOLSA COM 100ML"
650219000998400 ,"LEVONORGESTREL 0,75MG - 1 BLÍSTER 2 COMPRIMIDOS"
650219000998940 ,ARTESUNATO 100MG + MEFLOQUINA 220MG BLISTER C/06 (12 ANOS OU MAIS - 4? FAIXA)
650219000998958 ,ARTESUNATO 25MG + MEFLOQUINA 55MG BLISTER C/06 (1-5 ANOS - 2? FAIXA)
650219000998966 ,"BRIMONIDINA 2,0 MG/ML SOLUÇ?O OFTÁLMICA (POR FRASCO DE 5 ML)"
650219000998974 ,OSELTAMIVIR 75 MG CÁPSULA
650219000998974 ,"OSELTAMIVIR, FOSFATO 75 MG CÁPSULA"
650219000999016 ,QUETIAPINA 300 MG (POR COMPRIMIDO)
650219001000209 ,GALANTAMINA 8 MG (POR CAPSULA DE LIBERAÇ?O PROLONGADA)
650219001000217 ,GALANTAMINA 24 MG (POR CAPSULA DE LIBERAÇ?O PROLONGADA)
650219001000225 ,GALANTAMINA 16 MG (POR CAPSULA DE LIBERAÇ?O PROLONGADA)
650219001000250 ,GENFIBROZILA 600 MG (COMPRIMIDO)
650219001006991 ,"MEGLUMINA, ANTIMONIATO DE, 300 MG/ML, SOLUCAO INJETAVEL, AMPOLA 5ML"
650219001010964 ,ALFATALIGLICERASE 200 U INJETÁVEL (POR FRASCO AMPOLA)
650219001011774 ,COLISTIMETATO DE SODIO 1.000.000 UI AMPOLA
650219001015184 ,LORAZEPAM 2 MG - COMPRIMIDO
650219001018310 ,CIPROFIBRATO 100 MG (POR COMPRIMIDO)
650219001018396 ,NEBIVOLOL 5MG
650219001018493 ,ETRAVIRINA 100 MG COMPRIMIDO
650219001019910 ,"CETUXIMABE, 100 MG/20 ML, INJETAVEL, FRASCO-AMPOLA 20 ML"
650219001020889 ,ISONIAZIDA 75MG+ RIFAMPICINA 150MG (DFC 2:1)
650219001022067 ,"OXIBUTININA, CLORIDRATO DE, 1 MG/ML XAROPE, 120ML"
650219001025872 ,CLOBAZAM 10 MG (POR COMPRIMIDO)
650219001027069 ,LAMOTRIGINA 25 MG (POR COMPRIMIDO)
650219001028103 ,"ENOXAPARINA 60MG/0,6ML SERINGA PREENCHIDA"
650219001028111 ,"ENOXAPARINA SOLUCAO INJETAVEL 20MG, SERINGA PREENCHIDA (R), CONFORME NR 32"
650219001028120 ,"ENOXAPARINA SÓDICA 40 MG/0,4 ML SOLUÇ?O INJETÁVEL (POR SERINGA PREENCHIDA)"
650219001028570 ,DORZOLAMIDA 20 MG/ML SOLUÇ?O OFTÁLMICA (POR FRASCO DE 5 ML)
650219001028588 ,GABAPENTINA 400 MG (POR CAPSULA)
650219001029134 ,PREGABALINA 75MG
650219001031163 ,"AZITROMICINA, COMPRIMIDO REVESTIDO OU CAPSULA 500MG"
650219001031660 ,LOSARTANA POTÁSSICA 50 MG COMPRIMIDO
650219001032275 ,CARBONATO DE CÁLCIO + COLECALCIFEROL  500 MG + 400 UI COMPRIMIDO
650219001032283 ,RISPERIDONA 1 MG (POR COMPRIMIDO)
650219001032291 ,RISPERIDONA 3 MG (POR COMPRIMIDO)
650219001032925 ,"RISPERIDONA 1,0 MG/ML SOLUÇ?O ORAL (POR FRASCO DE 30 ML)"
650219001033000 ,ALFAINTERFERONA 2B 3.000.000 UI INJETAVEL (POR FRASCO-AMPOLA)
650219001034618 ,CINACALCETE 30 MG (POR COMPRIMIDO)
650219001034626 ,CINACALCETE 60 MG (POR COMPRIMIDO)
650219001035436 ,TOCILIZUMABE 20MG/ML
650219001038273 ,AMBRISENTANA 5MG (POR COMPRIMIDO REVESTIDO)
650219001038524 ,"RIVAROXABANA 10MG, COMPRIMIDO REVESTIDO"
650219001042513 ,"SITAGLIPTINA, FOSFATO DE, 100MG - COMPRIMIDO"
650219001043501 ,TETRABENAZINA 25MG COMPRIMIDO
650219001049518 ,"DIFENIDRAMINA, CLORIDRATO DE, SOLUCAO INJETAVEL 50 MG/ML - AMPOLA 1 ML"
650219001050761 ,AMBRISENTANA 10MG (POR COMPRIMIDO REVESTIDO)
650219001052330 ,"METFORMINA, CLORIDRATO 850 MG COMPRIMIDO"
650219001054740 ,"CLONAZEPAM, COMPRIMIDO 2 MG"
650219001057855 ,LANREOTIDA 90 MG INJETÁVEL (POR SERINGA PREENCHIDA)
650219001062794 ,ALFA-ALGLICOSIDASE 50 MG PÓ LIOFILIZADO PARA SOLUÇ?O INJETÁVEL
650219001062794 ,"ALGLUCOSIDASE ALFA 50 MG, PÓ LIÓFILO P/ INJETÁVEL"
650219001065769 ,RIVAROXABANA 20MG
650219001065777 ,LAMOTRIGINA 50 MG (POR COMPRIMIDO)
650219001066757 ,"FINGOLIMODE 0,5 MG (POR CÁPSULA)"
650219001068784 ,ETOSSUXIMIDA 50 MG/ML (FRASCO DE 120 ML)
650219001071602 ,MESALAZINA 1200MG COMP. REVESTIDO
650219001072633 ,PREDNISONA 20 MG COMPRIMIDO
650219001075543 ,OSELTAMIVIR 30 MG FOSFATO CÁPSULA
650219001075543 ,"OSELTAMIVIR, FOSFATO 30 MG CÁPSULA"
650219001075551 ,OSELTAMIVIR 45 MG FOSFATO CÁPSULA
650219001075551 ,"OSELTAMIVIR, FOSFATO 45 MG CÁPSULA"
650219001082094 ,FORMOTEROL 12 MCG (POR CAPSULA INALANTE)
650219001082094 ,FORMOTEROL 12 MCG + BUDESONIDA 400 MCG  (POR CAPSULA INALANTE)
650219001082620 ,"IPILIMUMABE, SOLUCAO INJETAVEL PARA INFUSAO INTRAVENOSA NA CONCENTRACAO DE 5 MG/ML (FRASCO DE 10 ML)"
650219001083015 ,FENOFIBRATO 200 MG (POR CAPSULA)
650219001083066 ,SECNIDAZOL 30MG/ML - SUSPENS?O ORAL
650219001083082 ,PRIMAQUINA DIFOSFATO 15 MG COMPRIMIDO
650219001083414 ,VILDAGLIPTINA 50MG + METFORMINA CLORIDRATO 850MG - COMPRIMIDO
650219001087150 ,LANREOTIDA 120 MG INJETÁVEL (POR SERINGA PREENCHIDA)
650219001087169 ,LANREOTIDA 60 MG INJETÁVEL (POR SERINGA PREENCHIDA)
650219001090240 ,"CABAZITAXEL 60MG/1,5ML FRASCO AMPOLA"
650219001090500 ,"METILFENIDATO, CLORIDRATO, 40 MG, CÁPSULA DE LIBERACAO MODIFICADA"
650219001096354 ,BUDESONIDA 400 MCG (POR CAPSULA INALANTE)
650219001096583 ,SOFOSBUVIR 400 MG (POR COMPRIMIDO REVESTIDO)
650219001096800 ,RIVAROXABANA 15MG - COMPRIMIDO REVESTIDO
650219001099663 ,ATORVASTATINA 40 MG (POR COMPRIMIDO)
650219001099728 ,ROSUVASTATINA CÁLCICA 20 MG COMPRIMIDO
650219001100807 ,FORMOTEROL 12 MCG PO INALANTE (POR FRASCO DE 60 DOSES)
650219001100890 ,RASAGILINA 1 MG (POR COMPRIMIDO)
650219001101374 ,GOLIMUMABE 50 MG INJETÁVEL (POR SERINGA PREENCHIDA
650219001101390 ,RISEDRONATO 35 MG (POR COMPRIMIDO)
650219001102729 ,SALMETEROL 50 MCG PO INALANTE OU AEROSSOL BUCAL (POR FRASCO DE 60 DOSES)
650219001103903 ,MERCAPTOPURINA 50 MG COMPRIMIDO
650219001104187 ,EFAVIRENZ 600MG+ LAMIVUDINA 300MG+ TENOFOVIR300MG
650219001104713 ,TENOFOVIR+ LAMIVUDINA 300+300MG
650219001105191 ,FENOFIBRATO 250 MG (POR CAPSULA DE LIBERACAO RETARDADA)
650219001105477 ,FENOXIMETILPENICILINA POTASSICA 80.000 UI/ML - SOLUÇ?O ORAL
650219001105477 ,FENOXIMETILPENICILINA POTÁSSICA 80.000 UI/ML PÓ PARA SOLUÇ?O 60 ML FRASCO
650219001106392 ,DACLATASVIR 60 MG (POR COMPRIMIDO REVESTIDO)
650219001106902 ,DOLUTEGRAVIR 50 MG COMP
650219001106902 ,DOLUTEGRAVIR 50MG COMPRIMIDO
650219001109871 ,AMOXICILINA 500MG COMPRIMIDO OU CÁPSULA
650219001110454 ,"LEUPRORRELINA 3,75 MG INJETAVEL (POR FRASCO-AMPOLA)"
650219001111779 ,"PERTUZUMAB, 420 MG/14ML FRASCO AMPOLA"
650219001113917 ,SILDENAFILA 25 MG (POR COMPRIMIDO)
650219001114417 ,"BISOPROLOL 2,5 MG COMPRIMIDO"
650219001116533 ,ÁCIDO URSODESOXICÓLICO 300 MG (POR COMPRIMIDO)
650219001116576 ,"ATENOLOL, 25MG COMPRIMIDO"
650219001118579 ,"APIXABANA 2,5MG"
650219001118765 ,PENTAMIDINA ISOTIONATO 300 MG AMPOLA
650219001121103 ,LOPINAVIR+RITONAVIR 100+25 MG COMPRIMIDO
650219001121111 ,NEVIRAPINA 10MG/ML 100ML SUSPENS?O ORAL
650219001121120 ,NICOTINA 14MG ADESIVO TRANSDÉRMICO
650219001121138 ,NICOTINA 21MG ADESIVO TRANSDÉRMICO
650219001121146 ,NICOTINA 2 MG GOMA DE MASCAR
650219001121146 ,NICOTINA 2MG - GOMA DE MASCAR
650219001121154 ,NICOTINA 7MG ADESIVO TRANSDÉRMICO
650219001121162 ,RALTEGRAVIR 100 MG COMPRIMIDO
650219001121707 ,DARUNAVIR 150 MG COMPRIMIDO COMPRIMIDO
650219001121707 ,DARUNAVIR 150MG COMPRIMIDO
650219001121715 ,DARUNAVIR 600 MG COMP COMPRIMIDO
650219001121758 ,LOPINAVIR+RITONAVIR 80+20 MG/ML SOLUÇ?O ORAL
650219001122126 ,DARUNAVIR 75 MG COMPRIMIDO
650219001122126 ,DARUNAVIR 75MG COMPRIMIDO
650219001122142 ,"EVEROLIMO 0,75 MG (POR COMPRIMIDO) "
650219001124307 ,APIXABANA 5 MG COMPRIMIDO
650219001125796 ,DASATINIBE 100 MG COMPRIMIDO
650219001126407 ,LEVETIRACETAM 500 MG (POR COMPRIMIDO)
650219001127306 ,NATALIZUMABE 300MG (POR FRASCO-AMPOLA)
650219001127330 ,ROMIPLOSTIM 250 MCG PÓ PARA SOLUÇ?O INJETÉVEL
650219001129813 ,EMPAGLIFLOZINA 25MG CPR REVESTIDO
650219001129821 ,"METILFENIDATO, CLORIDRATO, 10 MG, CAPSULA DE MICROGRANULOS DE LIBERACAO MODIFICADA"
650219001130404 ,"USTEQUINUMABE 45 MG/0,5ML SOLUÇÂO INJET?VEL (POR SERINGA PREENCHIDA)"
650219001131931 ,PRIMIDONA 100 MG (POR COMPRIMIDO)
650219001132946 ,"EVOLOCUMABE, 140MG/ML, SERINGA PREENCHIDA, 1ML"
650219001133470 ,DOBESILATO DE CÁLCIO 500 MG CAPSULA
650219001133756 ,BISOPROLOL 10MG COMPRIMIDO
650219001133764 ,BROMAZEPAM 6 MG - COMPRIMIDO
650219001134434 ,"BISOPROLOL, HEMIFUMARATO 5MG CPR"
650219001136038 ,"PIOGLITAZONA, CLORIDRATO, 30MG, COMPRIMIDO"
650219001136690 ,"LINAGLIPTINA + METFORMINA (2,5MG + 850MG ), COMPRIMIDO REVESTIDO"
650219001136712 ,"DESMOPRESSINA 0,1 MG (POR COMPRIMIDO)"
650219001136836 ,TOXINA BOTULINICA TIPO A 100 U INJETAVEL (POR FRASCO-AMPOLA)
650219001137409 ,TOXINA BOTULINICA TIPO A 500 U INJETAVEL (POR FRASCO-AMPOLA)
650219001137468 ,LEVETIRACETAM 750 MG (POR COMPRIMIDO)
650219001138782 ,"DAPAGLIFLOZINA, 10MG + METFORMINA 1000MG, COMPRIMIDO REVESTIDO DE LIBERACAO PROLONGADA"
650219001138898 ,VEDOLIZUMABE 300 MG PÓ LIOFILIZADO PARA SOLUÇ?O INJETÁVEL
650219001140167 ,IMATINIBE MESILATO 100 MG COMPRIMIDO
650219001140965 ,SEVELAMER 800 MG (POR COMPRIMIDO)
650219001140990 ,"DAPAGLIFLOZINA, + CLORIDRATO DE METFORMINA (5MG +1000MG), COMPRIMIDO DE LIBERACAO PROLONGADA"
650219001141317 ,"IMUNOGLOBULINA HUMANA 2,5 G INJETAVEL (POR FRASCO)"
650219001141325 ,"IMUNOGLOBULINA HUMANA 5,0 G INJETAVEL (POR FRASCO)"
650219001142240 ,ABATACEPTE 125 MG INJETÁVEL (POR SERINGA PREENCHIDA)
650219001142259 ,ETRAVIRINA 200 MG
650219001143522 ,"CLOBETASOL 0,5 MG/G SOLUÇ?O CAPILAR (POR FRASCO DE 50 G)"
650219001143530 ,"CLONAZEPAM, 2,5MG/ML, SOLUCAO ORAL, FRASCO CONTA-GOTAS, 20ML"
650219001144189 ,CALCIPOTRIOL 50 MCG/G POMADA (POR BISNAGA DE 30 G)
650219001144529 ,"CICLOFOSFAMIDA, 1000 MG, PO PARA SOLUCAO INJETAVEL, FRASCO OU AMPOLA, 75 ML"
650219001144545 ,CICLOFOSFAMIDA 50 MG (POR DRAGEA) 
650219001144588 ,"LIDOCAINA 5%, EMPLASTRO"
650219001145010 ,"ACIDO VALPROICO (VALPROATO DE SODIO), 500MG, COMPRIMIDO"
650219001145029 ,ACITRETINA 10 MG (POR CAPSULA)
650219001145029 ,"ACITRETINA, 10MG, CAPSULA"
650219001145282 ,MESALAZINA 1 G + DILUENTE 100 ML (ENEMA) - POR DOSE
650219001146033 ,"AMOXICILINA + CLAVULANATO DE POTÁSSIO 50 MG+ 12,5 MG/ML SUSPENS?O ORAL  75 ML"
650219001146041 ,AMOXICILINA + CLAVULANATO DE POTÁSSIO 500 MG + 125 MG COMPRIMIDO
650219001146149 ,"ANFOTERICINA, B LIPOSSOMAL, 50MG, PO LIOFILIZADO PARA SOLUCAO INJETAVEL, FRASCO AMPOLA"
650219001146203 ,"ANLODIPINO, BESILATO, 5MG, COMPRIMIDO"
650219001146254 ,"ARTEMETER, 20 MG + LUMEFANTRINA 120MG , BLISTER COM 24 COMPRIMIDOS"
650219001146289 ,"IMUNOGLOBULINA HUMANA 0,5 G INJETAVEL (POR FRASCO)"
650219001146300 ,"TRAMADOL, CLORIDRATO 50MG, CAPSULA"
650219001146327 ,ATORVASTATINA 80 MG (POR COMPRIMIDO)
650219001146386 ,RITUXIMABE 500 MG INJETÁVEL (POR FRASCO-AMPOLA DE 50 ML) (ORIGINADOR)
650219001146394 ,"RIVASTIGMINA 4,5 MG (POR CAPSULA)"
650219001146408 ,RIVASTIGMINA 6 MG (POR CAPSULA)
650219001146424 ,RIVASTIGMINA 3 MG (POR CAPSULA)
650219001146440 ,"BECLOMETASONA, DIPROPIONATO 100MCG/DOSE + FORMOTEROL, FUMARATO 6MCG/DOSE , PO INALATORIO + DISPOSITIVO DE APLICACAO, 120 DOSES"
650219001146467 ,"SITAGLIPTINA, FOSFATO 50MG + METFORMINA, CLORIDRATO 850MG COMPRIMIDO"
650219001146505 ,ALFAINTERFERONA 2B 10.000.000 UI INJETAVEL (POR FRASCO-AMPOLA)
650219001146530 ,SOMATROPINA 12 UI INJETAVEL (POR FRASCO-AMPOLA)
650219001146548 ,SOMATROPINA 4 UI INJETÁVEL (POR FRASCO-AMPOLA)
650219001146599 ,ALFAPEGINTERFERONA 2A 180MCG (POR SERINGA PREENCHIDA)
650219001146602 ,"ANFOTERICINA, B, 50MG, PO LIOFILIZADO PARA SOLUCAO INJETAVEL, FRASCO AMPOLA"
650219001146629 ,BETAINTERFERONA 1A 6.000.000 UI (22 MCG) INJETAVEL (POR SERINGA PREENCHIDA)
650219001146637 ,BETAINTERFERONA 1A 12.000.000 UI (44 MCG) INJETAVEL (POR SERINGA PREENCHIDA)
650219001146670 ,SULFAMETOXAZOL + TRIMETOPRIMA  40 + 8 MG/ML SUSPENS?O ORAL  100 ML ELENCO ESTADUAL
650219001146670 ,"SULFAMETOXAZOL + TRIMETOPRIMA (40MG/ML +8MG/ML), SUSPENSAO ORAL, FRASCO COM 100ML"
650219001147102 ,"BIMATOPROSTA 0,3 MG/ML SOLUÇ?O OFTÁLMICA (POR FRASCO DE 3 ML)"
650219001147218 ,BETAINTERFERONA 1B 9.600.000 UI (300MCG) INJETAVEL (POR FRASCO-AMPOLA)
650219001147226 ,GLATIRAMER 20 MG INJETAVEL (POR SERINGA PREENCHIDA )
650219001147250 ,BUDESONIDA 200 MCG (POR CAPSULA INALANTE)
650219001147366 ,TOBRAMICINA 300MG/5 ML SOLUÇ?O INALATÓRIA (POR AMPOLA)
650219001147730 ,DANAZOL 100 MG (POR CAPSULA)
650219001147862 ,ZIPRASIDONA 40 MG (POR CAPSULA)
650219001147870 ,ZIPRASIDONA 80 MG (POR CAPSULA)
650219001147951 ,ENTRICITABINA 200MG + TENOFOVIR DESOPROXILA FUMARATO 300MG COMPRIMIDO
650219001147951 ,TENOFOVIR 300MG+ENTRICITABINA 200MG
650219001148052 ,"TRASTUZUMABE, 150 MG, PO LIOFILIZADO, INJETAVEL, FRASCO-AMPOLA"
650219001148060 ,"TRASTUZUMABE, 440 MG, PO LIOFILIZADO, INJETAVEL, FRASCO-AMPOLA"
650219001148389 ,"TRAZODONA, CLORIDRATO 150 MG, COMPRIMIDO"
650219001148494 ,"PERICIAZINA, 10MG/ML, SOLUCAO ORAL, FRASCO, 20ML"
650219001148508 ,"PERICIAZINA, 40MG/ML, SOLUCAO ORAL, FRASCO, 20ML"
650219001148524 ,LEVETIRACETAM 250 MG (POR COMPRIMIDO)
650219001148788 ,PENICILAMINA 250 MG (POR CAPSULA)
650219001148958 ,LEVETIRACETAM 100 MG /ML SOLUÇ?O ORAL (POR FRASCO DE 150 ML)
650219001149202 ,GLICLAZIDA 30 MG COMPRIMIDO DE LIBERAÇ?O PROLONGADA
650219001149202 ,"GLICLAZIDA, 30 MG, COMPRIMIDO DE LIBERACAO PROLONGADA"
650219001149253 ,OCTREOTIDA  LAR 10 MG INJETAVEL (POR FRASCO-AMPOLA)
650219001149261 ,OCTREOTIDA LAR 20 MG INJETAVEL (POR FRASCO-AMPOLA)
650219001149270 ,OCTREOTIDA  LAR 30 MG INJETAVEL (POR FRASCO-AMPOLA)
650219001149407 ,"GOSSERRELINA 10,80 MG INJETAVEL (POR SERINGA PREENCHIDA)"
650219001149415 ,"GOSSERRELINA 3,60 MG INJETAVEL (POR SERINGA PREENCHIDA)"
650219001150294 ,CALCITONINA 200 UI/DOSE SPRAY NASAL (POR FRASCO)
650219001150413 ,"CARFILZOMIBE, 60MG, PO LIOFILIZADO, INJETAVEL, FRASCO-AMPOLA"
650219001150421 ,"CARVEDILOL, 12,5 MG, COMPRIMIDO"
650219001150430 ,"CARVEDILOL, 25 MG, COMPRIMIDO"
650219001150448 ,"CEFALEXINA, 500MG, CAPSULA OU COMPRIMIDO, FRACIONAVEL MANUALMENTE"
650219001150456 ,CEFALEXINA 500 MG  COMPRIMIDO
650219001150553 ,CERTOLIZUMABE PEGOL 200 MG/ML INJETÁVEL (POR SERINGA PREENCHIDA)
650219001150995 ,"LEUPRORRELINA 11,25 MG INJETAVEL (POR FRASCO-AMPOLA)"
650219001152858 ,"ORNITINA, ASPARTATO 0,6G/G, GRANULADO ORAL, ENVELOPE COM 5G"
650219001153498 ,"NISTATINA, 100.000 UI/G + OXIDO DE ZINCO 200 MG/G, POMADA, BISNAGA COM 60G"
650219001153501 ,PALIVIZUMABE 100 MG PÓ LIOF INJ (FR-AMP) 1 ML
650219001153501 ,"PALIVIZUMABE, 100MG, PO LIOFILIZADO + DILUENTE 1ML OU SOLUCAO INJETAVEL 100MG/ML, FRASCO-AMPOLA COM 1ML"
650219001155571 ,METOTREXATO 25 MG/ML INJETAVEL (POR AMPOLA DE 2 ML)
650219001156993 ,"ESPIRAMICINA (1,5 MUI) 500 MG COMPRIMIDO"
650219001156993 ,"ESPIRAMICINA 1,5 MUI, COMPRIMIDO"
650219001157957 ,PREDNISONA 5 MG COMPRIMIDO
650219001159984 ,ILOPROSTA 10 MCG/ML SOLUÇ?O PARA NEBULIZAÇ?O (AMPOLA DE 1 ML)
650219001160338 ,ISONIAZIDA 300 MG CÁPSULA
650219001161555 ,FILGRASTIM 300 MCG INJETAVEL (POR FRASCO AMPOLA OU SERINGA PREENCHIDA)
650219001161890 ,ELTROMBOPAGUE OLAMINA 50 MG (POR COMPRIMIDO)
650219001161920 ,ADALIMUMABE 40 MG INJETAVEL (POR SERINGA PREENCHIDA)
650219001162560 ,"FLUOXETINA, CLORIDRATO, 20MG, COMPRIMIDO OU CAPSULA"
650219001162993 ,"CLOBETASOL 0,5 MG/G CREME (POR BISNAGA DE 30 G)"
650219001163345 ,"NORTRIPTILINA, CLORIDRATO, 25MG, CAPSULA"
650219001163515 ,"NORTRIPTILINA, CLORIDRATO, 50MG, CAPSULA"
650219001165640 ,"BIOTINA 2,5 MG CÁPSULA"
650219001165658 ,FUMARATO DE DIMETILA 120 MG (POR CÁPSULA)
650219001165704 ,TOFACITINIBE 5 MG (POR COMPRIMIDO)
650219001165712 ,TERIFLUNOMIDA 14 MG (POR COMPRIMIDO)
650219001165720 ,FUMARATO DE DIMETILA 240 MG (POR CÁPSULA)
650219001165828 ,TAFAMIDIS 20 MG CÁPSULA
650219001165836 ,SECUQUINUMABE 150 MG/ML SOLUÇ?O INJETÁVEL (POR SERINGA PREENCHIDA)
650219001166930 ,METRONIDAZOL (BENZOILMETRONIDAZOL) 40 MG/ML SUSPENS?O ORAL  100 ML
650219001166930 ,"METRONIDAZOL, BENZOIL, 40MG/ML, SUSPENSAO ORAL, FRASCO COM 100ML"
650219001167456 ,PALIVIZUMABE 50 MG PÓ LIOF INJ (FR-AMP) 1 ML
650219001167456 ,"PALIVIZUMABE, 50MG, PÓ LIOFILIZADO + DILUENTE 1ML OU SOLUÇ?O INJETÁVEL 100MG/ML, FRASCO-AMPOLA COM 0,5ML"
650219001167600 ,"VARFARINA, SODICA, 5MG, COMPRIMIDO"
650219001167618 ,"DEXAMETASONA, FOSFATO DISSODICO, 4MG/ML, SOLUCAO INJETAVEL, AMPOLA OU FRASCO-AMPOLA COM 2,5ML"
650219001171445 ,"INSULINA, HUMANA NPH 100UI/ML, SOLUÇ?O INJETÁVEL, CARPULE COM 3ML + SISTEMA DE APLICAÇ?O (CANETA INJETORA)"
650219001171453 ,"INSULINA, HUMANA REGULAR 100UI/ML, SOLUÇ?O INJETÁVEL, CARPULE COM 3ML + SISTEMA DE APLICAÇ?O (CANETA INJETORA)"
650219001182960 ,OMEPRAZOL 20 MG CÁPSULA
650219001185136 ,PAMIDRONATO 60 MG INJETAVEL (POR FRASCO-AMPOLA)
650219001185632 ,GLECAPREVIR 100MG + PIBRENTASVIR 40 MG (POR COMPRIMIDO)
650219001185659 ,SOFOSBUVIR 400MG + VELPATASVIR 100 MG (POR COMPRIMIDO)
650219001186892 ,"RITONAVIR 100 MG/ENVELOPE , PÓ PARA SUSPENS?O ORAL , CAIXA COM 30 ENVELOPES"
650219001186906 ,ZIDOVUDINA 10 MG/ML SOLUÇ?O ORAL
650219001188542 ,FORMOTEROL 12 MCG + BUDESONIDA 400 MCG PO INALANTE (POR FRASCO DE 60 DOSES)
650219001188550 ,FORMOTEROL 6 MCG + BUDESONIDA 200 MCG PO INALANTE (POR FRASCO DE 60 DOSES)
650219001189220 ,BENZILPENICILINA POTÁSSICA 1.200.000 UI SOLUÇ?O INJETÁVEL 2 ML
650219001189220 ,"BENZILPENICILINA, BENZATINA, 1.200.000 UI, INJETAVEL, FRASCO-AMPOLA"
650219001190539 ,SAPROPTERINA 100 MG (POR COMPRIMIDO)
650219001191217 ,GLATIRÂMER 40 MG INJETÁVEL (POR SERINGA PREENCHIDA)
650219001192213 ,ADALIMUMABE 40 MG INJETÁVEL (FRASCO AMPOLA)
650219001192230 ,ETANERCEPTE 50 MG INJETÁVEL (POR FRASCO-AMPOLA OU SERINGA PREENCHIDA)(BIOSSIMILAR A)
650219001192566 ,TRIENTINA 250 MG (POR CÁPSULA)
650219001195530 ,"RIFAMPICINA, 75 MG + ISONIAZIDA 50 MG + PIRAZINAMIDA 150 MG COMPRIMIDO DISPERSÍVEL"
650219001195549 ,"RIFAMPICINA, 75 MG + ISONIAZIDA 50MG COMPRIMIDO DISPERSÍVEL"
650219001197975 ,NIFURTIMOX 120MG COMPRIMIDO
650219001200070 ,LEVETIRACETAM 100 MG/ML SOLUÇ?O ORAL (POR FRASCO DE 100 ML)
650219001206958 ,"CLORETO, DE SODIO 3,5G + CITRATO DISSODICO DIIDRATADO 2,9G + CLORETO DE POTASSIO 1,5G + GLICOSE 20G, PO PARA SOLUCAO ORAL, ENVELOPE OU SACHE COM 27,9G"
650219001207768 ,"RIFAMPICINA, 20MG/ML, SUSPENSAO ORAL, FRASCO COM 120ML"
650219001207806 ,SELEGILINA 5 MG (POR COMPRIMIDO)
650219001209183 ,"POLIVITAMINICO, PEDIATRICO, SOLUCAO ORAL, FRASCO COM 20ML"
650219001209701 ,RITUXIMABE 500 MG INJETÁVEL (POR FRASCO- AMPOLA DE 5O ML ) (BIOSSIMILAR A)
650219001209817 ,RITUXIMABE 100 MG INJETÁVEL (POR FRASCO-AMPOLA DE 10 ML (BIOSIMILAR A)
650219001211641 ,"LEVODOPA, 100 MG + BENSERAZIDA 25 MG, CAPSULA DE LIBERACAO PROLONGADA"
650219001213776 ,"DEXTRANA, 1MG/ML + HIPROMELOSE 3MG/ML, SOLUCAO OFTALMICA, FRASCO COM 15ML"
650219001215230 ,"ÁCIDO ZOLEDRÔNICO 0,05 MG/ML(EMBALAGEM 100 ML)"
650219001219529 ,TOCILIZUMABE 20 MG/ML INJETAVEL (POR FRASCO-AMPOLA DE 4 ML)
650219001220500 ,DARUNAVIR 800 MG COMPRIMIDO
650219001227220 ,RALTEGRAVIR 100MG GRANULADO SACH?S
650219001231847 ,"ATROPINA SULFATO, 10MG/ML (1%), SOLUCAO OFTALMICA, FRASCO COM 5ML"
650219001238795 ,"ERITROPOIETINA HUMANA RECOMBINANTE (ALFAEPOETINA) 2.000UI/ML, SOL. INJETAVEL OU PO LIOFILIZADO + DILUENTE 1ML , AMPOLA OU FRASCO-AMPOLA"
650219001241591 ,BRINZOLAMIDA 10 MG/ML SUSPENS?O OFTÁLMICA (POR FRASCO DE 5 ML)
650219001241591 ,BRINZOLAMIDA FRASCO GOTA 5ML SOLUCAO OFTALMICA ESTÉRIL 10 MG/ML
650219001242717 ,"METOPROLOL SUCCINATO, 100MG, COMPRIMIDO DE LIBERACAO CONTROLADA"
650219001242865 ,"ERITROPOETINA HUMANA RECOMBINANTE, 40.000 UI, SOLUCAO INJETAVEL OU PO LIOFILIZADO + DILUENTE, EM FRASCO-AMPOLA OU SERINGA PREENCHIDA"
650219001242881 ,"TRIPTORRELINA 11,25 MG INJETAVEL (POR FRASCO-AMPOLA)"
650219001242890 ,"TRIPTORRELINA 3,75 MG INJETAVEL (POR FRASCO-AMPOLA)"
650219001243047 ,"FULVESTRANTO 50MG/ML SERINGA PREENCHIDA COM 5ML,SOLUCAO INJETAVEL"
650219001243306 ,"CITARABINA 1000MG, SOLUCAO INJETAVEL, FRASCO-AMPOLA COM 10ML"
650219001243993 ,"BROMETO DE TIOTRÓPIO MONOIDRATADO 2,5 MCG + CLORIDRATO DE OLODATEROL 2,5 MCG (SOLUÇ?O PARA INALAÇ?O ORAL))"
650219001244000 ,"BROMETO DE UMECLIDÍNIO 62,5 MCG + TRIFENATATO DE VILANTEROL 25 MCG (PÓ INALANTE)"
650219001244132 ,MEPOLIZUMABE 100MG/ML SOLUCAO INJETAVEL FRASCO AMPOLA
650219001244299 ,RITUXIMABE 500 MG INJETÁVEL (POR FRASCO AMPOLA DE 50 ML(BIOSSIMILAR B)
650219001244302 ,RITUXIMABE 100 MG INJETÁVEL (POR FRASCO-AMPOLA DE 10 ML) (BIOSSIMILAR B)
650219001244620 ,SELEXIPAGUE 200 MCG (POR COMPRIMIDO)
650219001244639 ,SELEXIPAGUE 400 MCG (POR COMPRIMIDO)
650219001244647 ,SELEXIPAGUE 600 MCG (POR COMPRIMIDO)
650219001244655 ,SELEXIPAGUE 800 MCG (POR COMPRIMIDO)
650219001244663 ,SELEXIPAGUE 1200 MCG (POR COMPRIMIDO)
650219001244671 ,SELEXIPAGUE 1400 MCG (POR COMPRIMIDO)
650219001244680 ,SELEXIPAGUE 1600 MCG (POR COMPRIMIDO)
650219001244698 ,SELEXIPAGUE 1000 MCG (POR COMPRIMIDO)
650219001245066 ,LEUPRORRELINA 45 MG INJETÁVEL (SERINGA PREENCHIDA)
650219001245074 ,"ALENTUZUMABE 10 MG/ML SOLUÇ?O INJETÁVEL (FRASCO-AMPOLA CONTENDO 1,2 ML)"
650219001245090 ,BUROSUMABE 10 MG/MLSOLUÇ?O INJETÁVEL (FRASCO-AMPOLA)
650219001245104 ,LEVETIRACETAM 1000 MG (POR COMPRIMIDO)
650219001245112 ,UPADACITINIBE 15 MG (POR COMPRIMIDO REVESTIDO DE LIBERAÇ?O PROLONGADA)
650219001246046 ,BARICITINIBE 2MG (POR COMPRIMIDO)
650219001246054 ,BARICITINIBE 4MG (POR COMPRIMIDO)
650219001246429 ,TENOFOVIR ALAFENAMIDA 25 MG
650219001246887 ,MESALAZINA 1000 MG (POR SUPOSITORIO)
650219001246887 ,MESALAZINA 1000 MG SUPOSITORIO
650219001247069 ,ELTROMBOPAGUE OLAMINA 25 MG (POR COMPRIMIDO)
650219001248790 ,INFLIXIMABE 10 MG /ML INJETÁVEL (POR FRASCO-AMPOLA COM 10 ML) (BIOSSIMILAR A)
650219001250744 ,ADALIMUMABE 40 MG INJETÁVEL ( POR SERINGA PREENCHIDA)( BIOSSIMILAR A)
650219001250752 ,MILTEFOSINA 50 MG COMPRIMIDO
650219001251090 ,"NUSINERSENA 2,4MG/ML SOLUÇ?O INJETÁVEL (POR FRASCO AMPOLA DE 5 ML)"
650219001251848 ,MEPOLIZUMABE 100 MG/ML SOLUÇ?O INJETÁVEL
650219001251970 ,"ENOXAPARINA SÓDICA 60 MG/0,6 ML SOLUÇ?O INJETÁVEL (POR SERINGA PREENCHIDA)"
650219001251988 ,"ENOXAPARINA SODICA, 80MG, SOLUCAO INJETAVEL PARA USO SUBCUTANEO, SERINGA PREENCHIDA COM 0,8ML"
650219001255045 ,"NIRMATRELVIR, ASSOCIADO AO RITONAVIR 150 MG + 100 MG COMPRIMIDO"
650219001255711 ,"BOSENTANA 62,5MG (POR COMPRIMIDO REVESTIDO)"
650219001256530 ,DAPAGLIFLOZINA 10 MG (POR COMPRIMIDO)
650219001256610 ,DOLUTEGRAVIR 5MG COMPRIMIDO PARA SUSPENSAO
650219001257064 ,ECULIZUMABE 10 MG/ML SOLUÇ?O INJETÁVEL (FRASCO COM 30 ML)
650219001259202 ,"FERRO III COLOIDAL DE SACARATO DE OXIDO DE FERRICO I.V.,100MG, AMPOLA DE 5 ML"
650219001259210 ,ALFAVELAGLICERASE 400 U INJETAVEL (POR FRASCO AMPOLA)
650219001259229 ,ALFAVESTRONIDASE 10 MG SOLUÇ?O INJETÁVEL (FRASCOCOM 5ML)
650219001259407 ,ISOTRETINOINA 10 MG (POR CAPSULA)
650219001261100 ,"TRIPTORRELINA 22,5 MG INJETÁVEL (POR FRASCO-AMPOLA)"
650219001261150 ,"METOPROLOL SUCCINATO, 25 MG, COMPRIMIDO OU CAPSULA DE LIBERACAO CONTROLADA"
650219001262483 ,BUROSUMABE 20 MG /ML SOLUÇ?O INJETÁVEL (FRASCO- AMPOLA)
650219001262491 ,BUROSUMABE 30 MG /ML SOLUÇ?O INJETÁVEL (FRASCO- AMPOLA)
650219001264095 ,"RISDIPLAM 0,75 MG/ML PÓ PARA SOLUÇÂO ORAL (FRASCO 80 ML)"
650219001265687 ,"RIVASTIGMINA 2,0 MG/ML SOLUÇ?O ORAL (POR FRASCO DE 120 ML)"
650219001267183 ,"MEDROXIPROGESTERONA ACETATO 25MG + ESTRADIOL CIPIONATO 5MG AMPOLA 0,5ML"
650219001267230 ,PANCREATINA 25000 UI (POR CAPSULA)
650219001267248 ,PANCREATINA 10.000 UI (POR CAPSULA)
650219001268040 ,OMALIZUMABE 150MG SOLUÇ?O INJETÁVEL
650219001268856 ,DEFERIPRONA 500 MG (POR COMPRIMIDO)
650219001272888 ,SACUBITRIL VALSARTANA SÓDICA HIDRATADA 100 MG (POR COMPRIMIDO)
650219001272950 ,SACUBITRIL VALSARTANA SÓDICA HIDRATADA 50 MG (POR COMPRIMIDO)
650219001272969 ,SACUBITRIL VALSARTANA SÓDICA HIDRATADA 200 MG (POR COMPRIMIDO)
650219001274864 ,ELEXACAFTOR 100 MG/TEZACAFTOR 50 MG/IVACAFTOR 75 MG + IVACAFTOR 150 MG (POR COMPRIMIDO REVESTIDO)
650219001274872 ,"ELEXACAFTOR 50 MG/TEZACAFTOR 25MG/IVACAFTOR 37,5 MG+IVACAFTOR 75 MG (POR COMPRIMIDO REVESTIDO)"
650219001275364 ,"ROMOSOZUMABE 90 MG/ML SOLUÇ?O INJETÁVEL (POR SERINGA PREENCHIDA DE 1,17 ML)"
650219001282255 ,INSULINA ANÁLOGA DE AÇ?O RÁPIDA 100 UI/ML (TUBETES COM SISTEMAS DE APLICAÇ?O REUTILIZÁVEL)
650219001282263 ,INSULINA ANÁLOGA DE AÇ?O PROLONGADA DE 100 UI/ML
650219001283111 ,HIDROXIUREIA 100 MG (POR COMPRIMIDO REVESTIDO)
650219001283251 ,MESALAZINA 500 MG (POR SUPOSITORIO)
650219001283260 ,MESALAZINA 2 G GRÂNULOS DE LIBERAÇ?O PROLONGADA (POR SACH?)
650219001283812 ,"ALFAGALSIDASE 1MG/ML (FRASCO AMPOLA DE 3,5 ML)"
650219001283839 ,CLADRIBINA 10 MG (COMPRIMIDO)
650219001294962 ,"TRASTUZUMABE ENTASINA, 160MG, PO LIOFILIZADO PARA SOLUCAO INJETAVEL, FRASCO-AMPOLA"
650219001294970 ,"TRASTUZUMABE, ENTANSINA, 100MG, PO LIOFILIZADO PARA SOLUCAO INJETAVEL, FRASCO-AMPOLA"
650219001297627 ,"DIPROPIONATO DE FUROATO DE FLUTICASONA + BROMETO DE UMECLIDÍNIO + TRIFENATATO DE VILANTEROL (PÓ PARA INALAÇ?O ORAL CONTENDO 30 DOSES PARA INALAÇ?O ORAL DE 100 MCG + 62,5 MCG + 25 MCG)"
650219001298194 ,"DIPROPIONATO DE BECLOMETASONA + FUMARATO DE FORMOTEROL DI-HIDRATADO + BROMETO DE GLICOPIRRÔNIO (SOLUÇ?O AEROSSOL CONTENDO 120 DOSES PARA INALAÇ?O ORAL DE 100 MCG+6MCG+12,5MCG)"
650219001298437 ,SELEXIPAGUE 200 MCG(TITULAÇ?O DE DOSE) (POR COMPRIMIDO)
650219001298445 ,SELEXIPAGUE 800 MCG (TITULAÇ?O DE DOSE) ( POR COMPRIMIDO)
650219001298518 ,INFLIXIMABE 10 MG/ML INJETAVEL (POR FRASCO-AMPOLA COM 10 ML) - ARTRITE
650219001298526 ,INFLIXIMABE 10 MG/ML INJETAVEL (POR FRASCO-AMPOLA COM 10 ML)
650243000000094 ,"DIPIRONA SODICA, SOLUCAO ORAL 500 MG/ML FR. COM 10ML (RP MUNICÍPIOS)"
650243000000213 ,"ACIDO FOLINICO, COMPRIMIDO 15 MG"
650243000000256 ,"ANLODIPINO BESILATO, 5MG, COMPRIMIDO.(RP MUNICÍPIOS)"
650243000000388 ,"CEFTRIAXONA, SODICA, 500MG, PO PARA SOLUCAO INJETAVEL INTRAVENOSA, AMPOLA OU FRASCO-AMPOLA"
650243000000493 ,"TIMOLOL, MALEATO DE, COLIRIO 0,5% FR. COM 5ML"
650243000000612 ,"METOPROLOL, SUCCINATO 50MG - COMPRIMIDO DE LIBERAÇ?O CONTROLADA"
650243000000663 ,IVERMECTINA 6 MG - COMPRIMIDO
650243000000752 ,FLUCONAZOL 150 MG CÁPSULA
650243000000795 ,DIPIRONA SÓDICA 500 MG COMPRIMIDO
650243000001040 ,FLUCONAZOL 100 MG CÁPSULA
650243000001090 ,CLINDAMICINA 300MG - CAPSULA
650243000001236 ,GLIBENCLAMIDA 5 MG COMPRIMIDO
650243000001260 ,HALOPERIDOL 1 MG COMPRIMIDO
650243000001287 ,HALOPERIDOL 2 MG/ML SOLUÇ?O ORAL
650243000001295 ,HALOPERIDOL DECANOATO 50 MG/ML SOLUÇ?O INJETÁVEL
650243000001309 ,HALOPERIDOL 5 MG COMPRIMIDO
650243000001317 ,"IBUPROFENO, 600 MG, COMPRIMIDO"
650243000001325 ,METILDOPA 250MG - COMPRIMIDO
650243000001414 ,"CARBAMAZEPINA, XAROPE 100MG/5ML. EMBALAGEM: FRASCO COM 100ML."
650243000001449 ,HIDROCLOROTIAZIDA 25 MG COMPRIMIDO
650243000001465 ,SINVASTATINA 20MG - COMPRIMIDO
650243000001473 ,SULFAMETOXAZOL 400MG + TRIMETROPRIMA 80MG - COMPRIMIDO
650243000001490 ,SULFATO FERROSO 40MG/FE++ - COMPRIMIDO
650243000001546 ,"AZITROMICINA PO P/ SUSP. ORAL, 40MG/ML, APOS RECOSTITUICAO, FRASCO (RP MUNICÍPIOS)"
650243000001570 ,AZITROMICINA 500MG COMPRIMIDO REVESTIDO OU CAPSULA (RP MUNICÍPIOS)
650243000001643 ,"FENOBARBITAL, 100MG, COMPRIMIDO"
650243000001686 ,"LOSARTANA, POTÁSSICA, 50MG, COMPRIMIDO REVESTIDO"
650243000001694 ,METFORMINA CLORIDRATO 850MG - COMPRIMIDO
650243000001716 ,"MICONAZOL, NITRATO, CREME VAGINAL, A 2%, EMBALAGEM COM BISNAGA DE 80G + APLICADOR GINECOLOGICO (COM NO MINIMO 14 APLICADORES)"
650243000001724 ,"PREDNISONA 20MG, COMPRIMIDO (RP MUNICÍPIOS)"
650243000001732 ,CIPROFLOXACINO COMPRIMIDO 500MG
650243000001775 ,DIAZEPAM 10 MG COMPRIMIDO
650243000001791 ,"BIPERIDENO, CLORIDRATO 2MG, COMPRIMIDO"
650243000001813 ,"FENITOINA, 100MG, COMPRIMIDO"
650243000002089 ,"PERMETRINA, 50MG/ML (5%), LOCAO, FRASCO COM 60ML"
650243000002194 ,ZIDOVUDINA 100 MG CÁPSULA
650243000002453 ,"CETOCONAZOL, 2% SHAMPOO, FRASCO 100ML"
650243000002550 ,"IMIQUIMODE 50 MG/G (5%), CREME DERMATOLOGICO, SACHE, 250G (RP MUNICIPIOS)"
650519001149245 ,"SENSOR DE LEITURA DE GLICEMIA, PARA USO COM O SISTEMA FLASH DE MONITORAMENTO DE GLICOSE FREESTYLE LIBRE. O SENSOR DEVE TER TAMANHO DE 5MM DE ALTURA E 35MM DE DIAMETRO PESO IGUAL A 5 G ALIMENTACAO POR BATERIA DE OXIDO DE PRATA E VIDA UTIL ATE 14 DIAS"
650519001191519 ,"TIRA, REAGENTE, DESCARTÁVEL, PARA DETERMINAÇ?O DE GLICEMIA CAPILAR, TECNOLOGIA AMPEROMETRICA, QUE UTILIZE AMOSTRA DE SANGUE CAPILAR OU VENOSO, COM FAIXA DE LEITURA MINIMA ABAIXO DE 30 MG/DL E FAIXA DE LEITURA MÁXIMA A PARTIR DE 400 MG/MLCO (OK METER)"
650519001249320 ,"TIRA, REAGENTE DE TESTE DE CORPOS NO SANGUE FREESTYLE PRECISION, PARA SER USADA NO SISTEMA FLASH DE MONITORIZAÇ?O DA GLICOSE FREESTYLE LIBRE.(AJ)"
651519001083538 ,"SERINGA, DE INSULINA, DESCARTÁVEL, USO ÚNICO, ATÓXICA, ESCALA GRADUADA 1 EM 1U, S/ ESPAÇO MORTO, CAPACIDADE P/ ATÉ 100U DE INSULINA, C/ DISPOSITIVO DE SEGURANÇA, AGULHA FIXA 13MM COMPRIMENTO X 0,3MM DIÂMETRO, DESCARTÁVEL, CONFECCIONADA EM AÇO INOX"
651519001145878 ,"AGULHA, HIPODÉRMICA, PARA CANETA DE INSULINA, COMPOSTA POR CÂNULA DE AÇO INOX, DIMENS?O 0,23X0,4MM, LUBRIFICADA, BISEL TRIFACETADO, CONEX?O COMPATÍVEL C/ CANETAS DISPONÍVEIS NO MERCADO, PROTETOR DA AGULHA BEM ACOPLADO AO CANH?O E S/ RACHADURA, ATÓXIC"
651519001147170 ,"AGULHA, HIPODERMICA, PARA CANETA DE INSULINA, COMPOSTA POR CANULA DE ACO INOXIDAVEL, DIMENSAO 0,25 X 05MM, LUBRIFICADA, BISEL TRIFACETADO, CONEXAO COMPATIVEL COM AS CANETAS DISPONIVEIS NO MERCADO, PROTETOR DA AGULHA BEM ACOPLADO AO CANHAO E SEM RACHA"
651519001147188 ,"AGULHA, HIPODERMICA, PARA CANETA DE INSULINA, COMPOSTA POR CANULA DE ACO INOXIDAVEL, DIMENSAO 0,25 X 08MM, LUBRIFICADA, BISEL TRIFACETADO, CONEXAO COMPATIVEL COM AS CANETAS DISPONIVEIS NO MERCADO, PROTETOR DA AGULHA BEM ACOPLADO AO CANHAO"
651519001253026 ,"DISPOSITIVO, PARA A INFUSAO DE INSULINA, MEDTRONIC I-PORT ADVANCE 6MM"
651519001277529 ,"AGULHA, HIPODÉRMICA, PARA CANETA DE INSULINA, COMPOSTA POR CÂNULA DE AÇO INOX, DIMENS?O 0,22 X 0,4MM, LUBRIFICADA, BISEL TRIFACETADO, CONEX?O COMPATÍVEL C/ CANETAS DISPONÍVEIS NO MERCADO, PROTETOR DA AGULHA BEM ACOPLADO AO CANH?O E S/ RACHADURA, ATÓX"
651519001282239 ,"CANETA, PARA APLICACAO DE INSULINA LISPRO"
651519001282247 ,"CANETA, PARA APLICACAO DE INSULINA GLARGINA"
664019001282131 ,GLICOSÍMETRO - SISTEMA AMPEROMÉTRICO
894019001243845 ,COMPLEMENTO ALIMENTAR P/ PACIENTE FENILCETONURICO MENOR DE 1 ANO - FORMULA DE AMINOÁCIDOS ISENTA DE FENILALANINA (POR GRAMA)
894019001243853 ,ALIMENTO EM PO PARA DIETAS COM RESTRICAO DE FENILALANINA PARA MAIORES DE 08 ANOS DE IDADE. LATA DE NO MINIMO 500G
894019001243861 ,"ALIMENTO, EM PO PARA DIETAS COM RESTRICAO DE FENILALANINA PARA CRIANCAS DE 01 A 08 ANOS DE IDADE. LATA DE NO MINIMO 500G"
894019001243861 ,COMPLEMENTO ALIMENTAR P/ PACIENTE FENILCETONURICO MAIOR DE 1 ANO - FORMULA DE AMINOÁCIDOS ISENTA DE FENILALANINA  (POR GRAMA)
650219001147366,"TOBRAMICINA, 60MG/ML, SOLUCAO PARA INALACAO, AMPOLA, 5 ML(300MG)"
